stock,method,sharpe_1x_short,Sharpe Ratio,sharpe_2x_short,sharpe_2x_no_short,Annual Return,Cumulative Returns,Annual Volatility,Calmar Ratio,Stability,Max Drawdown,Omega Ratio,Sortino Ratio,Skew,Kurtosis,Tail Ratio,VaR,alpha_ratio,Beta,Accuracy,B&H,1x_short,1x_no_short,2x_short,2x_no_short,action,labels,close,acc
AAPL,Triviews(no_pull),-1.8431512310681677,0.33372137757769316,-3.718475389616512,1.3943703565262096,0.032222567144853276,0.0354753229506275,0.0987722975563053,0.5236507568184972,0.02027140458711605,0.061534461137085605,1.180980029943849,0.014162633852594279,0.5532438113409397,17.26789315971363,1.180980029943849,-0.004090037505053906,0.32623081513806795,1.5688420123916243e-06,0.6209386281588448,1.5200482666202615,0.7053783540858871,1.0354753229506275,0.5218618998500276,1.0609050018200583,-1,-1,1.5200482666202615,0.6209386281588448
AAPL,Triviews(not_translated),-0.31937129290134547,1.3872809723109143,-1.9317833695308568,0.7651909091620481,0.03945794140168779,0.04345632258716359,0.118560009538482,0.2660373642313621,-0.06627688027435014,0.1483172918799962,1.1633338089289593,0.019378527513119366,1.4408923609580553,15.456906417127827,1.4277278564128137,-0.007992886613546302,0.33280987033727083,-6.156877266663934e-06,0.6028880866425993,1.5200482666202615,0.7162937658341678,1.0434563225871636,0.5333614097129954,1.072530117763988,-1,-1,1.5200482666202615,0.6028880866425993
AAPL,Triviews(no_cl),-2.223360116996363,0.7922092589701367,-5.002151232205241,1.6420667331362324,0.042320478919287696,0.046615376524378416,0.07759610637844278,1.075927776163679,0.0028553423728733293,0.03933394030423243,1.366450983748036,0.017542497267238184,0.7694960868181068,27.454544073502223,1.4803218990603724,0.0,0.5453943618367543,1.7360344264840212e-07,0.6245487364620939,1.5200482666202615,0.7206374760801727,1.0466153765243784,0.5491242783723514,1.088263402088865,-1,-1,1.5200482666202615,0.6245487364620939
AAPL,Triviews(dual_cl),1.3774042537529103,2.047315819425185,1.9160061021877342,4.821474061385893,0.2697281909742084,0.3014008282141425,0.11645590075218934,4.29018619013838,0.019067384745712027,0.06287097552880527,1.94886628690063,0.13953390506450705,1.4156380119241125,8.214299322490449,1.368352924845123,-0.007185469110477593,2.316140180377572,1.7336294053120326e-06,0.5323741007194245,1.504739589839272,1.125539679498537,1.3014008282141425,1.3172727962915909,1.668834751756574,-1,1,1.504739589839272,0.5323741007194245
AAPL,Triviews(supcon_cl),-1.7845133239969329,-0.8315797404921582,-3.6289631141855043,-1.031828465168487,-0.013389720839230845,-0.014708251270058592,0.03129555672784132,-0.3457027744604334,0.0336081960224291,0.038731887125086795,0.6362821287095766,-0.011644118694931704,4.876657445791378,111.71388435137405,2.5451285148383063,0.0,-0.4278473444544609,8.241155268328992e-07,0.6823104693140795,1.5200482666202615,0.6386638184021762,0.9852917487299414,0.4360628133211559,0.969780009705245,-1,-1,1.5200482666202615,0.6823104693140795
ABBV,Triviews(not_translated),-2.831137038861217,1.1903803323461406,-3.8494334711061122,3.17118215036112,0.09343730725425337,0.09848760183863092,0.11827265920796937,1.5013472226729936,0.019133749523183096,0.062235641324794866,1.2867587783943824,0.034672838510640534,-1.2381868248032637,15.462162673127239,0.8391905076485102,-0.010489493628108642,0.7900161193632605,1.8529862144003614e-06,0.6037735849056604,1.5427147400967225,0.7821763674323429,1.098487601838631,0.6308562075001115,1.188798778111094,-1,-1,1.5427147400967225,0.6037735849056604
ABBV,Triviews(dual_cl),1.459116188054262,2.6064712801815944,1.834893002684283,4.410945390959163,0.3380260838562721,0.35984807169680844,0.1301981972622073,4.267813472495223,-0.060622087594566804,0.07920357485976104,1.9965096837542569,0.16385229356416314,1.8292494219894342,11.295709920425187,1.409300953238299,-0.009215644468297368,2.596242428576168,-6.438683369811695e-06,0.5338345864661654,1.6066468961424334,1.150960290364634,1.3598480716968084,1.3583147218499267,1.8170361673309985,1,-1,1.6066468961424334,0.5338345864661654
ABBV,Triviews(supcon_cl),0.5238718691437934,2.779726173691236,-1.2271273118442156,3.337407966893034,0.17051931247402563,0.1800653274433608,0.10103136477922728,2.0082070766586453,-0.10829427090383094,0.08491121979200678,1.7099980704756645,0.10381401194187904,1.7213005358057263,10.990055779592415,1.294052593873476,-0.008571336849945894,1.6877858954656577,-8.958791801429988e-06,0.6264150943396226,1.5427147400967225,0.9026647252665128,1.1800653274433608,0.8476329599937094,1.377993209773383,-1,-1,1.5427147400967225,0.6264150943396226
ABBV,Triviews(no_pull),0.7756774843590505,1.935230782332945,2.794792748328368,4.576025790841607,0.3704606389988896,0.3929231090565002,0.1398830360583023,5.982437250100497,0.01626432384127597,0.06192470117303217,1.825390990712051,0.18350601132844124,1.3093318955202864,7.7940264861207815,1.1715195910540026,-0.012487606056103561,2.6483600116062975,1.8628968367699734e-06,0.5660377358490566,1.5427147400967225,1.2576756657047208,1.3929231090565002,1.6135890859071127,1.9012517792748305,-1,-1,1.5427147400967225,0.5660377358490566
ABBV,Triviews(no_cl),-1.3972574682119907,2.0058385753448498,-2.8077450865215305,3.02892569647116,0.12028475191720855,0.12686825668762047,0.07863696526199691,2.941321942846828,-0.05399500000117562,0.04089479297216547,1.7037591149490399,0.07015114303643347,0.7200673999967709,9.345829111292087,1.0842103458766619,-0.0035483655602801256,1.5296209806221868,-3.476706527342301e-06,0.660377358490566,1.5427147400967225,0.8231152752521083,1.1268682566876205,0.7105596856500199,1.2616632165009514,-1,-1,1.5427147400967225,0.660377358490566
ACN,Triviews(no_cl),-1.9205216198345478,1.27638513519382,-3.756256688395992,3.1164341784357847,0.11731194506049336,0.10849416207755236,0.09101280580319926,2.9367383053843543,0.01906381428514167,0.039946339394765995,2.4403279234806767,0.05258119200945919,7.304071060858307,92.47945456023008,1.8302459426105073,0.0,1.288960866827486,1.6076993050500639e-06,0.717948717948718,1.755811942827322,0.699823983074969,1.1084941620775524,0.5109184237780031,1.2200707030497464,-1,-1,1.755811942827322,0.717948717948718
ACN,Triviews(not_translated),-0.6389733591825869,2.279717448770144,-2.214461946819694,3.793757946462215,0.18381000568723715,0.1696275176882749,0.1217361879431321,2.7326334052945684,-0.03391181203154877,0.06726478763345978,1.7496600210837858,0.09155161535592996,3.4060901668144785,30.28228463081507,1.2669951876813623,-0.007368762046585475,1.5099043989540912,-3.825279883574945e-06,0.6367521367521367,1.755811942827322,0.7791429689962982,1.1696275176882749,0.6257639056775604,1.3502508879027988,-1,-1,1.755811942827322,0.6367521367521367
ACN,Triviews(dual_cl),0.1463768219231537,1.5867112564960903,3.78788991663082,4.858566327995227,0.5417947862243189,0.4974152109204577,0.16764752919388157,10.436369512910344,0.07033009006976834,0.0519141053365435,2.228063848714509,0.24205967519661933,2.770428375016312,15.591138610900973,1.5750106516774978,-0.00919485735993571,3.231749306592776,1.0879042615232193e-05,0.5574468085106383,1.8826248775015884,1.1910244790091329,1.4974152109204577,1.4253038741374364,2.186611970248169,-1,1,1.8826248775015884,0.5574468085106383
ACN,Triviews(supcon_cl),0.7245755583887277,3.8950508263753965,-1.4235013371299547,4.816652017192915,0.2370037326548371,0.21835284234631192,0.1489058209426854,5.402367872224588,-0.09761357497806222,0.04387034320142358,2.9176589957117307,0.11462842271599799,8.407516438156076,90.66323998990343,1.6411831850878484,0.0,1.591635109725234,-1.3468350688776433e-05,0.7008547008547008,1.755811942827322,0.8454115228667878,1.218352842346312,0.7298132471836508,1.4581932649720692,-1,-1,1.755811942827322,0.7008547008547008
ACN,Triviews(no_pull),-2.906882774841461,0.6165771690500501,-4.929633622705773,2.3312735643666316,0.11941599944606818,0.1104323775516296,0.13702001571588054,1.740473567061023,0.04105150249551802,0.06861121117036839,1.3928958470624695,0.04437574889776269,1.9268285723903966,24.738123958280564,1.1061231726672551,-0.007368762046585564,0.8715223014839278,5.212014223216425e-06,0.5811965811965812,1.755811942827322,0.7022734240714955,1.1104323775516296,0.5045765920992717,1.2124749270424529,-1,-1,1.755811942827322,0.5811965811965812
ADBE,Triviews(dual_cl),1.9356365984352086,1.8891897214378912,5.650762606057044,4.47290475712804,0.4308616075497702,0.41669210794571443,0.17553994023774427,5.8083675861859225,0.017036437624639814,0.07417946628834082,2.299136201984076,0.11158891958804483,3.8291978149685972,41.572304371705464,1.1495681009920378,-0.006866883461351146,2.4544933020156465,2.6474139331884126e-06,0.6285714285714286,1.1598280145043438,1.7304432240097036,1.4166921079457144,3.185266424010789,1.951619077043052,1,-1,1.1598280145043438,0.6285714285714286
ADBE,Triviews(no_cl),-0.22721604558936498,0.9549672068510388,-0.7517561646284583,0.22979940089428025,0.021685527236469104,0.020989923606921757,0.13059082044109557,0.1871666937671005,-0.05534529268103634,0.1158621055915714,1.1346305074662952,0.004349863770870388,-7.740902514745036,99.68703472397888,0.6483602899807401,0.0,0.16605705640888135,-6.424300257597429e-06,0.6721311475409836,1.1892354209328373,0.8765467339420436,1.0209899236069218,0.832652373144893,1.0228990249966,-1,-1,1.1892354209328373,0.6721311475409836
ADBE,Triviews(not_translated),0.1116711664527952,1.3417308062862787,-0.43793229922659943,0.08598926737892264,0.013439090256044173,0.013009689410817815,0.14120432249164522,0.10137059434277217,-0.09070361266496192,0.13257385283351053,1.1131483826149795,0.006351180043599893,6.965444731262665,102.84948893853692,1.0275215839522889,0.0,0.09517477948905805,-1.1384266880755054e-05,0.6557377049180327,1.1892354209328373,0.8628978020476876,1.0130096894108178,0.809590870530716,1.0086342321262554,-1,-1,1.1892354209328373,0.6557377049180327
ADBE,Triviews(no_pull),1.2895895668093424,3.0903466871516594,1.0851378693811953,3.0447991761241906,0.17593472199739835,0.1699002298155654,0.14478058847033265,2.2449836531479304,-0.11684860599325941,0.07836793009637355,2.1431097504101397,0.045742967799660875,6.77891615703455,91.4069244576049,1.1345875149230154,0.0,1.2151817025764442,-1.503717884434915e-05,0.6926229508196722,1.1892354209328373,1.1508794000173077,1.1699002298155654,1.437530493192418,1.344031463138401,-1,-1,1.1892354209328373,0.6926229508196722
ADBE,Triviews(supcon_cl),-1.2529165326143383,-0.6206063688011423,-1.1105242740982293,-0.030447416729016488,0.004718526894979869,0.004568390758837415,0.10409134019994903,0.05826815322810116,0.04161299213938445,0.08097951682985982,1.0475736814649195,0.002768652133247752,-1.524733982876535,26.22478676773477,0.6064900261112692,0.0,0.04533063832126718,3.850135698371057e-06,0.6598360655737705,1.1892354209328373,0.8485768536226541,1.0045683907588374,0.7933422429760125,0.9984611988078316,-1,-1,1.1892354209328373,0.6598360655737705
ADP,Triviews(supcon_cl),0.3586717536107454,1.889103551930032,-0.23363842339993257,3.990102580027162,0.37944420862216677,0.25350343109878604,0.14676978554169942,4.772811365647141,-0.0024923579918847394,0.07950119532342304,2.061152430483783,0.1193043882710961,0.8017710463989067,9.1868706770491,1.09498722869451,-0.007913607404541112,2.5853019217934414,-4.4718490310374063e-07,0.6836158192090396,1.620320523163472,0.9697284144181048,1.253503431098786,0.9644563927220926,1.547901808190936,1,-1,1.620320523163472,0.6836158192090396
ADP,Triviews(not_translated),-1.096646014436352,1.094601634412787,-3.1415376015927685,2.1306790136212905,0.20672231800076313,0.14108880517467592,0.1311941091412657,3.181094425558488,-0.005769052719091478,0.06498465318723445,1.6793787941179978,0.048339898281621496,-2.3695806411346108,24.497304216863423,0.8396893970589989,-0.003934411935118537,1.5756981723788455,-9.252495734900772e-07,0.6045197740112994,1.620320523163472,0.8035963518827829,1.141088805174676,0.6655395800720734,1.2858462827565376,-1,-1,1.620320523163472,0.6045197740112994
ADP,Triviews(no_cl),0.4342006783195595,1.7997042962277496,0.08783384383821212,3.9903278796298465,0.39881824590394066,0.2658433157120703,0.1292327903923635,7.425172802623454,0.009535458504569872,0.05371164503579373,2.9182702897357036,0.1688776263169159,2.5001295451273986,12.59026197564504,1.750962173841422,-0.004299933781987009,3.0860453039285862,1.5064487220517518e-06,0.7231638418079096,1.620320523163472,0.9889150183721204,1.2658433157120703,1.010195127307962,1.5841807955997715,1,-1,1.620320523163472,0.7231638418079096
ADP,Triviews(no_pull),-2.7844439336149143,0.5074144026255315,-2.6071442300602174,2.2710340767127226,0.29786372586667675,0.2009639169894757,0.15989863664511858,3.174544293887158,0.09633944639199774,0.09382881393094356,1.603889394247085,0.07732506367607626,-1.2646230513674144,12.54995203454646,0.9388620844373181,-0.014032765023035743,1.8628284275353764,1.8831675336377163e-05,0.5932203389830508,1.620320523163472,0.8901413697425526,1.2009639169894757,0.8071200236219113,1.416025813436923,-1,-1,1.620320523163472,0.5932203389830508
ADP,Triviews(dual_cl),-0.015892756715192365,1.0139968346582788,1.9639802069945098,3.344075468975527,0.7487296881174101,0.4840446737385591,0.21261356186002062,7.2624835205992975,0.09438102046641128,0.10309554383066266,1.8612469930873983,0.22490822151657072,0.8313261918616411,5.1871998330308005,1.098440848379448,-0.018235343478940735,3.5215518782868367,2.439436881434314e-05,0.43820224719101125,1.8087077307725985,1.2176586389173103,1.484044673738559,1.4658958388894452,2.1339924450324825,1,1,1.8087077307725985,0.43820224719101125
AMT,Triviews(no_cl),-1.226203974312286,-1.7943501878087893,-2.50386201386973,-2.7527393340443926,-0.19888686847342452,-0.15023457441069898,0.13001565518450453,-0.928144721822283,0.05859743289695829,0.21428432850745283,0.5072153024053951,-0.062443498348000955,-1.4376550789427427,17.141226696741104,0.9363974813638063,-0.015235433060770506,-1.5297147731262455,8.914042388592155e-06,0.6324324324324324,1.089778418192496,0.6626129371552807,0.849765425589301,0.4556735681538999,0.712904186644058,-1,-1,1.089778418192496,0.6324324324324324
AMT,Triviews(dual_cl),1.9046004051373098,0.6879018192537597,4.102352039776472,3.2477308037405677,0.25243889500007777,0.18073827424922806,0.17651811487052088,2.4379345231922653,0.07795214124808986,0.10354621610982839,1.3949217957364128,0.1033319755495683,0.618151580644993,3.9862048688058627,1.3949217957364128,-0.01773376701417857,1.4301019200507896,1.6013839378523885e-05,0.5053763440860215,1.0943667989000003,1.2739265058830045,1.180738274249228,1.6513435636127756,1.3630596499042316,1,-1,1.0943667989000003,0.5053763440860215
AMT,Triviews(supcon_cl),-0.6000548993464485,-1.2001505948017552,-1.9474367650561906,-2.5293321464781555,-0.15842941033416025,-0.11893702495976277,0.12303677033466497,-0.7820072278873216,-0.008775662519046875,0.20259328134622834,0.5934238016302522,-0.05374632785623335,-1.0494318814681438,17.03495826192146,0.8241997244864613,-0.009106703640104062,-1.2876590461796573,-1.2633255853583604e-06,0.5567567567567567,1.089778418192496,0.7123209204989369,0.8810629750402372,0.5281645494390573,0.7675185317589989,-1,-1,1.089778418192496,0.5567567567567567
AMT,Triviews(no_pull),0.9447503319120805,1.6471643607838822,0.025093575631970774,2.0739373566992287,0.04144724136166156,0.030262752101956725,0.06442462989000758,0.6707888295242128,-0.037445403094650116,0.06178880675615883,1.5113289005571664,0.02277521207395288,2.6883057070531002,30.929868212825745,1.2594407504643055,0.0,0.6433446561109407,-2.822610144492963e-06,0.6108108108108108,1.089778418192496,0.9739973930931782,1.0302627521019567,1.0041883496419988,1.0583074067775151,-1,-1,1.089778418192496,0.6108108108108108
AMT,Triviews(not_translated),1.4862917965360676,0.874134361743686,1.4005569529028732,1.9640717593446655,0.12665206867034096,0.09149136238473154,0.14445512759178367,1.2902049777804594,0.010972437701844489,0.09816430013176713,1.350664945211067,0.04753278741901279,0.7932664491263056,13.469326749077913,1.4681140708815945,-0.01112920062591179,0.8767571686914953,1.8545414379181516e-06,0.5297297297297298,1.089778418192496,1.0932069990305502,1.0914913623847315,1.2349104192174971,1.1736050614403102,-1,-1,1.089778418192496,0.5297297297297298
APD,Triviews(dual_cl),2.023811697379555,2.122858026587222,2.158901848225847,2.7525779798181125,0.40511649688351437,0.2376940066787061,0.16507427398572236,4.447191766789606,-0.11219675210810633,0.09109490171051582,2.09989126555085,0.09994013292325431,1.0275727316422083,11.705273808386032,1.1374411021733775,-0.007527529333835178,2.454146773461223,-2.5338108528181105e-05,0.6708860759493671,1.0390208897277289,1.4743557798629194,1.237694006678706,2.2880166831566564,1.5064062904448026,-1,-1,1.0390208897277289,0.6708860759493671
APD,Triviews(supcon_cl),1.9015038141550313,2.0705643964683835,3.194645486443326,3.7479895116966806,0.4548798950148798,0.2649985675522939,0.17618374091385886,7.409114379840296,-0.032587282757006855,0.06139463796814604,2.2682880861053256,0.18858145657516928,2.967176748333354,14.669981370761473,1.6496640626220551,-0.00914228873743654,2.581849452483151,-7.854679829572802e-06,0.5822784810126582,1.0272293880202696,1.557803344191105,1.264998567552294,2.545467685461637,1.5711886769377676,-1,-1,1.0272293880202696,0.5822784810126582
APD,Triviews(not_translated),-1.0891623897521412,-1.1696570275465836,0.647794731662108,0.35788201177998386,0.026926967361770027,0.01679902272030831,0.14906059493540094,0.30888319238169426,0.0992806495375293,0.08717524302356905,1.1243017374749635,0.006646596393126615,-1.8217319828339802,19.06444017064144,0.6918779922922851,-0.00017570371787221033,0.18064443774318414,2.0246127670700278e-05,0.5506329113924051,1.0272293880202696,1.0064745661117844,1.0167990227203083,1.0710882980793277,1.019194764037892,-1,-1,1.0272293880202696,0.5506329113924051
APD,Triviews(no_pull),1.3776690457650347,1.3304547656112728,2.4166105784354945,2.5593407361693092,0.24461111230660348,0.1470559585269402,0.17500809477661938,2.402451129308674,-0.004492749424331549,0.10181731038041653,1.4664655331642498,0.061875048744941645,-0.7177659974936238,6.501907625755701,0.916540958227656,-0.015412842945535887,1.3977131321772602,-1.0756843375350686e-06,0.569620253164557,1.0272293880202696,1.2808603290915552,1.1470559585269402,1.7172417884530755,1.290506721170759,-1,-1,1.0272293880202696,0.569620253164557
APD,Triviews(no_cl),0.024650020282484315,-0.17087254259834192,1.5110680054108445,1.6927702667989757,0.0675652918039078,0.041844412199541825,0.15300838746960468,0.9601745700205903,0.054107156190088074,0.07036771636480532,1.2194609934241751,0.020033095814261184,0.5562131037745496,19.502807402606564,0.9484696615521363,-0.007740908499608955,0.4415790070157411,1.1326206039091466e-05,0.5569620253164557,1.0272293880202696,1.056667373315055,1.0418444121995418,1.1802939345224828,1.0698912464320944,-1,-1,1.0272293880202696,0.5569620253164557
AVGO,Triviews(supcon_cl),0.8948655278714727,1.6089943676260396,1.5337966067290711,4.167682365880549,0.4439624716046613,0.4045134333444651,0.1636236473356189,4.688256864871615,0.032477121472891265,0.09469670378583639,2.2154815177486964,0.11085385784204942,0.8412225670698293,11.643854889182474,1.2185148347617831,-0.008610978746687476,2.713314846808307,4.944975294142859e-06,0.6094420600858369,1.835449933668141,1.0747544502631603,1.404513433344465,1.1971815794697844,1.9247949060598208,-1,-1,1.835449933668141,0.6094420600858369
AVGO,Triviews(no_pull),-0.1024696532091581,2.153480119620155,-3.5797004841745927,2.279452440579013,0.14927754932721338,0.13728438331533366,0.10839437431865726,1.8618433666058996,-0.11677471339665396,0.08017728666366986,2.008434879638318,0.0662056077179546,3.9415184593872814,32.16304350360934,1.7406435623532093,-0.001002119726663113,1.3771706351509347,-1.1778665270874769e-05,0.703862660944206,1.835449933668141,0.7046859436520028,1.1372843833153337,0.529573889901894,1.2801702487592108,-1,-1,1.835449933668141,0.703862660944206
AVGO,Triviews(not_translated),-1.4634543994617029,1.6764886497085951,-3.8782530390728627,3.5376150840398886,0.15217849578482978,0.1399383652083357,0.14373652156001163,1.80255291226558,0.0003996314450700037,0.08442387169293175,1.488546440072188,0.04825921500507485,0.8490524195040278,17.598827076008092,1.275896948633304,-0.009098514707029165,1.0587322841348539,5.3452412500162864e-08,0.6180257510729614,1.835449933668141,0.7079787100903837,1.1399383652083357,0.5255436362230458,1.2752896600992198,-1,-1,1.835449933668141,0.6180257510729614
AVGO,Triviews(no_cl),-1.4440925624199141,1.1729729928737789,-3.4036463335624876,2.695700553095658,0.18086364153789702,0.1661545711334531,0.1555077076651006,1.8660588464073873,0.014751189531196968,0.09692279634487577,1.444571556721068,0.05665266366947558,0.12520835616011827,8.936843059105355,1.0621849681772557,-0.010428109443758065,1.1630525859682956,2.1346146699162944e-06,0.6008583690987125,1.835449933668141,0.7409172316989657,1.166154571133453,0.571626055166419,1.33002699489379,-1,-1,1.835449933668141,0.6008583690987125
AVGO,Triviews(dual_cl),0.6904767322908255,1.3716272058722423,1.368121897016441,3.7519241855068586,0.4730831342003039,0.4328839711824888,0.22043407062143164,3.602620352703238,0.036380831396174935,0.13131639969927011,1.6046582680003785,0.166641110066082,1.491180276621179,7.763728751481704,1.1311525495740373,-0.017062298978067724,2.146143438111098,7.430941842181697e-06,0.47863247863247865,1.8325249795860807,1.1203975376834758,1.4328839711824888,1.2530883294084838,1.9659648769728288,-1,1,1.8325249795860807,0.47863247863247865
AWK,Triviews(dual_cl),0.9862700198644077,0.9675870563475137,2.1021736870792433,2.759021711139421,0.19828599573845462,0.17444191130064568,0.12614229069519284,2.215293704315949,0.04393979259475336,0.08950776836143381,1.531954419530678,0.0934605632644572,0.4145460914806865,5.72838314234269,1.1288085196541837,-0.009792215081348409,1.5719232197676518,5.363582595573333e-06,0.6205357142857143,1.2247712352941176,1.126180761983919,1.1744419113006457,1.2873479474526146,1.3601164238553871,-1,-1,1.2247712352941176,0.6205357142857143
AWK,Triviews(no_cl),0.3873065074300204,1.4856421149814065,-0.5583865541528582,1.8978339266797104,0.06225698818779435,0.054899560720856444,0.11349254601764522,0.8338808167395355,-0.026312220128169687,0.07465933612817532,1.1726550485932699,0.047698070263364714,0.955492559188979,5.006938584316625,1.3858650574284102,-0.0103045979812745,0.548555745485831,-2.9026269457550703e-06,0.5695067264573991,1.1817237774957974,0.9416862928553636,1.0548995607208564,0.9048392528028746,1.1004669343303577,1,-1,1.1817237774957974,0.5695067264573991
AWK,Triviews(supcon_cl),-1.100959675511169,-0.33552504898303237,-2.948851178314861,-0.8238105446082139,-0.020091864654897984,-0.017800415535162428,0.11626175446530354,-0.14560496082871785,0.001518608878988176,0.137988874421202,0.9637299496442543,-0.0057424296399496465,-0.50631090520226,9.860430141414978,0.8640337479569177,-0.01168562825076606,-0.17281577030470566,1.716126103277073e-07,0.6098654708520179,1.1817237774957974,0.8163633855004908,0.9821995844648376,0.6789155035005568,0.9532331667127552,-1,-1,1.1817237774957974,0.6098654708520179
AWK,Triviews(no_pull),-1.6985360073318005,-0.7948194788990206,-2.5362277646264966,0.3601331002145329,0.011376404389075612,0.010060652748888455,0.06697886946053179,0.2108515880196002,0.08952728476207017,0.05395455872980237,1.091310765349719,0.011414534735589005,1.5230367899838912,16.88676947414042,1.091310765349719,-0.00524308115622297,0.1698506481328311,5.828537780874781e-06,0.7040358744394619,1.1817237774957974,0.8633341747539973,1.0100606527488885,0.7716671021027481,1.0162633752806935,-1,-1,1.1817237774957974,0.7040358744394619
AWK,Triviews(not_translated),-0.7865478371235581,0.12148144418390193,-2.238866169940826,0.5514165699941816,0.016582168603501257,0.014659987862896573,0.10689840187391655,0.16577711597135594,0.010061791849701534,0.10002688553446926,1.0858291654735708,0.007223208960181663,-1.4400291655179933,23.620897542881654,0.8025693831761175,-0.006181983896972841,0.15512082793398002,1.04547326468601e-06,0.6412556053811659,1.1817237774957974,0.8712145008638394,1.0146599878628966,0.775876759824757,1.019031604113215,-1,-1,1.1817237774957974,0.6412556053811659
BA,Triviews(dual_cl),1.7985960044119933,1.896914334845881,3.1108221917769923,2.9498682389600726,0.27238181265940176,0.20490825903635002,0.16717382819203133,2.8312332101501485,-0.04580379869363972,0.09620606726528069,1.6147579620048151,0.0995469821681665,1.3159185072614847,8.91942758908161,1.336351416831571,-0.013018405029057477,1.6293328663055966,-8.50330242979653e-06,0.5897435897435898,0.7953604842252634,1.8253407624445497,1.20490825903635,3.4705667111548872,1.4216583025028178,-1,1,0.7953604842252634,0.5897435897435898
BA,Triviews(not_translated),0.618538763015963,-0.572615402391532,3.1312700255940844,1.6626530779293134,0.08208551797980057,0.06261509719044889,0.14242959546992678,0.8100758512079582,0.10350282294661863,0.10133065670010699,1.2608903633757471,0.03294924088294127,1.3363645107391853,14.284175013553414,1.0807631686077832,-0.009691344877069196,0.576323465000169,1.645454836613862e-05,0.5412371134020618,0.8002037357414438,1.4110791968883152,1.0626150971904489,2.101501490304649,1.112170869977826,-1,1,0.8002037357414438,0.5412371134020618
BA,Triviews(no_pull),0.802207943211009,-0.2738520445993226,2.702723425369071,1.0139815010664073,0.056632962203312154,0.04332064587912288,0.14519546449487664,0.5262200809579887,0.06335933598726488,0.10762219887202196,1.157338033169184,0.03285182253827487,1.6306871979128392,11.910737409364234,1.3677631301090358,-0.011841315133372651,0.3900463585438683,1.0268268076134503e-05,0.4948453608247423,0.8002037357414438,1.3603010352220424,1.0433206458791229,1.9510631340356293,1.0716237400077766,-1,1,0.8002037357414438,0.4948453608247423
BA,Triviews(supcon_cl),-1.0629067182484513,-3.0675650940341987,1.434625538620717,-2.3531025560291607,-0.0874234730721184,-0.06800482785431639,0.12266234908910006,-0.5910014442694064,0.16455725267006696,0.14792429683516417,0.7811957001539134,-0.03462986854415593,0.8342643426360241,19.843434003121338,0.9867735159838905,-0.010596804476982235,-0.7127164425052329,2.2530033445589417e-05,0.520618556701031,0.8002037357414438,1.08549230915303,0.9319951721456836,1.2529332379878768,0.8587576717541221,-1,1,0.8002037357414438,0.520618556701031
BA,Triviews(no_cl),1.3498007664022473,0.1842362303384819,-1.0484467843970526,-2.366597614891197,-0.2288513723797131,-0.18131988120441955,0.16567775484447075,-0.7988546226643334,-0.18951006726101405,0.28647436703370366,0.6242999425852797,-0.07679393169530316,-0.5005446360404235,10.712234332461243,1.0613099023949755,-0.016671543243764363,-1.3813041623756086,-3.504531897690068e-05,0.5463917525773195,0.8002037357414438,0.8375831141179642,0.8186801187955804,0.7310131300783735,0.6559477602122757,-1,1,0.8002037357414438,0.5463917525773195
BAC,Triviews(no_pull),1.5022193234499677,2.154069264973944,1.3775287569992358,2.469433984517279,0.4353384894820935,0.4834725949310821,0.21418595622807116,2.7172195192091957,-0.11619629148363482,0.1602146924105683,1.6709591534670134,0.14807641501163377,3.9869667161626485,43.380720600090555,1.1795005789178916,-0.015318752717283774,2.032525834786913,-1.9641446300773235e-05,0.5018181818181818,1.799108797119935,1.2232117053924068,1.483472594931082,1.5009552307058205,2.1021867438117536,-1,-1,1.799108797119935,0.5018181818181818
BAC,Triviews(supcon_cl),0.03778409963514462,2.1283298890911926,1.9297597328067457,3.6186600908501503,0.40258011234545776,0.44656429817650256,0.187029558465329,7.452491029550496,-0.04079040323835685,0.054019536655482536,2.246418079957396,0.13446845692163376,6.411817722780491,75.70305526333765,1.358299304160286,-0.009330020372559776,2.1524945877476735,-6.02085893756473e-06,0.5636363636363636,1.799108797119935,1.163102682899826,1.4465642981765026,1.3904716829079156,2.023338280536708,-1,-1,1.799108797119935,0.5636363636363636
BAC,Triviews(no_cl),-3.352093273728451,-0.6786630109236098,-4.662056744831899,-1.6017755884268692,-0.023323774504155792,-0.025425247012392793,0.1288888814373732,-0.2423704230800982,0.003315224042317716,0.09623193378033501,0.9654656276487114,-0.006380993422900969,-0.546831025706228,5.809072979436374,0.8206457835014047,-0.01477150931662849,-0.18096032989074204,3.3722405244044425e-07,0.5272727272727272,1.799108797119935,0.527925798974091,0.9745747529876072,0.2954457023390658,0.9326662518871632,-1,-1,1.799108797119935,0.5272727272727272
BAC,Triviews(dual_cl),0.6176939481744539,1.612306546801244,2.4979791039070673,2.9952009558515558,0.5606365743738526,0.6282139601479548,0.18847846218601755,3.1232347481246143,-0.032109463244926924,0.17950510274979936,1.8670998169748836,0.17855325465520636,0.9164787545654416,6.1987527051982925,1.2283551427466337,-0.013212948753253184,2.9745392013042644,-4.759015999851353e-06,0.463768115942029,1.813490417980885,1.4618663951764184,1.6282139601479548,2.168405221122957,2.551026658250071,1,1,1.813490417980885,0.463768115942029
BAC,Triviews(not_translated),-4.364433241999875,0.9467723658000857,-3.8250812986708262,1.9529116564363576,0.17278508388562086,0.18996993573747822,0.11346270651942189,2.218744372719379,0.004803489393496695,0.07787516489511082,1.7557976661406467,0.05641888151785495,-0.025554945001447123,13.082163057098391,0.768161478936533,-0.0005045483062121987,1.5228359095774302,4.301304417351845e-07,0.5963636363636363,1.799108797119935,0.7870721605196291,1.1899699357374782,0.6621565470466425,1.3962647132354145,1,-1,1.799108797119935,0.5963636363636363
BBL,Triviews(dual_cl),1.2264767684478473,1.6199117690054683,2.653339936547688,3.2121341347515564,0.9234578173139547,0.6122242118187595,0.20919052444159658,18.700973276796816,-0.033463232171870666,0.04938020089359374,2.8626922944686406,0.27413646120399826,2.0688828081028037,7.959702939873315,1.6997235498407552,-0.012823587055464958,4.414434256900449,-8.234650151132298e-06,0.5706521739130435,1.1222452815972876,2.316130842158762,1.6122242118187595,5.613787709345158,2.520090083628975,-1,-1,1.1222452815972876,0.5706521739130435
BBL,Triviews(no_pull),0.8163461699216134,1.9551808828305726,2.2549380482442936,3.4562730583119436,0.28227143671276345,0.19906442053639717,0.1976164860757757,2.8141488739413774,-0.019619448722305706,0.1003043724255519,1.4983287859869285,0.0812276880851724,0.8800265917800283,11.104659710362212,1.0702348471335206,-0.01857469596745921,1.4283800016792474,-4.560844132031808e-06,0.5380434782608695,1.1455353248730065,1.2550948481276003,1.1990644205363972,1.6593422085800604,1.398297514388274,-1,-1,1.1455353248730065,0.5380434782608695
BBL,Triviews(no_cl),-0.5463034500030731,0.46972268528304995,1.8601834185105588,3.44154563079624,0.23604517002557945,0.16734621154967244,0.18666636111729282,1.9858458054459835,0.09198085261173043,0.11886379565737137,1.4536773196393276,0.06788461542263334,0.5121380988019719,7.433042454798722,0.9994031572520377,-0.017143920145083792,1.264529766438524,2.019755269727099e-05,0.532608695652174,1.1455353248730065,1.189572375492166,1.1673462115496724,1.4990548195297362,1.329047071829545,-1,-1,1.1455353248730065,0.532608695652174
BBL,Triviews(supcon_cl),0.3522371836091125,1.3975187625169996,-0.3310098618324076,0.4531456048523799,0.04484328344038335,0.032548279437566885,0.12735938870547925,0.3137201231715757,-0.1355712288860748,0.14294041130367097,1.1930349942235188,0.01600133326303863,0.6675709425242711,13.720445209444696,1.3014927209711113,-0.0026109329591488487,0.352100335092564,-2.031111458384637e-05,0.6358695652173914,1.1455353248730065,0.9307054319670786,1.0325482794375669,0.9424965249355748,1.0538322481782192,-1,-1,1.1455353248730065,0.6358695652173914
BBL,Triviews(not_translated),-2.4811325423669124,-0.8672929682330514,-2.3856869528120397,-0.9101548124791304,-0.03079623469675319,-0.022580810235255155,0.28329074388167924,-0.1383085250826861,0.03963954982643463,0.22266331506566228,1.007289720917913,0.0018679437853293956,-0.4719101371653002,4.6077615744045985,0.9429946323486844,-0.03219287144454479,-0.10870893370810489,1.3209803460402756e-05,0.5108695652173914,1.1455353248730065,0.8339753927940013,0.9774191897647448,0.6877937980330057,0.9002450314275319,1,-1,1.1455353248730065,0.5108695652173914
BHP,Triviews(supcon_cl),1.483304962174009,2.457140085274803,2.0174355452827513,1.8280725134777807,0.2643202942669336,0.19788135780437544,0.2019669621563036,1.183890750665196,-0.1572206248626817,0.22326409266937786,1.50319390196281,0.06382548722190032,0.5552430111559581,10.797426577436735,1.2122531467442017,-0.011626142722609022,1.3087303559201644,-3.5442421163008105e-05,0.5876288659793815,1.0740275484132005,1.3360176370664292,1.1978813578043754,1.8778214612020565,1.3912739841092518,-1,-1,1.0740275484132005,0.5876288659793815
BHP,Triviews(no_pull),-0.3176649934513048,2.2984966563164577,2.0643328743814555,4.133328651002243,0.19523148292109882,0.1471646735291905,0.20990668234153703,1.662307413958382,-0.0027805666283375065,0.11744607602765988,1.3068096406231011,0.05275882890561038,0.14527271228097424,8.477892821065913,1.0316918215445534,-0.02061253932126214,0.930087030785612,-6.514680200459031e-07,0.5154639175257731,1.0740275484132005,1.2252821542032233,1.1471646735291905,1.5707941422505305,1.272462966600415,-1,-1,1.0740275484132005,0.5154639175257731
BHP,Triviews(dual_cl),0.5865567218948778,1.6167433270344813,2.0664549155478347,2.771896986466692,0.34219316533001853,0.25575374515841776,0.15575046905124182,6.016720037800634,-0.04187309824255911,0.056873705803187846,2.1146677685866493,0.11669044073266911,2.5685747006280337,18.503917244081016,1.4379740826389216,-0.007425617835055486,2.1970602555131773,-7.24239653970752e-06,0.6,1.0425973852813852,1.5124893758042577,1.2557537451584178,2.467294297763892,1.548891959113388,-1,-1,1.0425973852813852,0.6
BHP,Triviews(not_translated),0.6500299581097638,3.3963231820670634,1.733349735616002,3.093574999895017,0.18578535503614035,0.1401787336584699,0.17740619729157497,2.421771688682162,-0.10768268208450121,0.0767146448628433,1.4194326715335959,0.06336324956480341,1.679487678425813,12.83530627150326,1.3668610911064258,-0.013437500284608812,1.0472314827355995,-2.132299385726234e-05,0.5927835051546392,1.0740275484132005,1.210404283025793,1.14017873365847,1.5650647619422815,1.270140229308259,-1,-1,1.0740275484132005,0.5927835051546392
BHP,Triviews(no_cl),-1.6463924755384005,-0.5705111904890348,-0.49980894415478055,-0.3631381739360652,0.005322750784885422,0.004095168701636842,0.2509088476954054,0.023894721734015096,0.041159284181719734,0.22275843360453418,1.039159181462095,0.00858185105329442,-0.0358110354658665,6.508317947300508,0.869993733317103,-0.024483288429416022,0.02121388238706933,1.1527027251691094e-05,0.5257731958762887,1.0740275484132005,0.938716245499962,1.0040951687016368,0.895191312612074,0.960601907176586,-1,-1,1.0740275484132005,0.5257731958762887
BP,Triviews(no_pull),-1.6792759631382763,0.18298037784445623,-1.4479579346984306,0.9832861080764168,0.09761897041667611,0.09478275745446996,0.2891977166251479,0.5874858254081659,0.027337926787616488,0.1661639586773922,1.1314067243460095,0.029912993824078946,1.1692573572305989,15.862740983070719,1.1115574835680095,-0.025575230132692018,0.3375509722409316,6.998863964008713e-06,0.46122448979591835,1.500834752411505,0.7985884415947946,1.09478275745447,0.6657110925123351,1.1079801869428163,1,-1,1.500834752411505,0.46122448979591835
BP,Triviews(no_cl),-2.3564040918929057,-2.288221467169649,-3.3632499502500157,-3.857193451864924,-0.25518738847010414,-0.24906685967519626,0.18932896249246695,-0.9660906658789536,0.0339488824676864,0.26414434740235637,0.5669934306317322,-0.05437137095317414,-1.9260512416224926,14.899696912507011,0.8099906151881889,-0.016668195527142736,-1.3478518294857162,5.6899657762294325e-06,0.6,1.500834752411505,0.3757246294650429,0.7509331403248037,0.1601339615183667,0.5434139980797681,-1,-1,1.500834752411505,0.6
BP,Triviews(not_translated),-1.9913147339023713,-0.7237999658515152,-1.9645607078134217,-0.12603508535674884,0.03428540377616618,0.03331734198586078,0.2843384254127207,0.1815512770911547,0.037562974901520226,0.18884694354946285,1.0721790659933883,0.016779408710645864,1.3447208708773544,17.265572796162168,1.000700461593829,-0.02519750383513652,0.12057956544705661,9.455024329208204e-06,0.5061224489795918,1.500834752411505,0.7114339053870515,1.0333173419858608,0.531444510947781,0.9899609425379354,1,-1,1.500834752411505,0.5061224489795918
BP,Triviews(supcon_cl),-2.2821100755907393,-0.2768091554390766,-1.0556695248326673,1.431636199806204,0.16128794110521794,0.15647441648135074,0.33336917161491164,0.679053224891248,0.06583008680316776,0.23751885005928453,1.1617223199385132,0.056392653438677984,2.380112471427239,17.582242346343158,1.2108091785274644,-0.027266362867636777,0.4838118063644116,1.942750279626185e-05,0.46530612244897956,1.500834752411505,0.891126137522419,1.1564744164813507,0.7957506617787901,1.2113721974568925,1,-1,1.500834752411505,0.46530612244897956
BP,Triviews(dual_cl),1.5634072669835213,1.7627064508121553,3.7775658345572727,3.4699809369913566,0.9235987585003476,0.8938686604165675,0.37139464081787094,4.631706620870821,-0.03260920681363752,0.19940787146114602,1.841250719390122,0.1995039947669033,3.293875444015329,18.03851398058573,1.841250719390122,-0.02450637092013892,2.4868392189678183,-1.0677873113784232e-05,0.516260162601626,1.505298382598996,2.382742547504311,1.8938686604165675,5.482419881025312,3.1890488476411663,-1,1,1.505298382598996,0.516260162601626
BRK-A,Triviews(dual_cl),1.4050118083552203,1.0380921516442645,2.306401204686256,2.14566473979075,1.6059951420900833,0.09551047240565325,0.20638248306915766,188.17805127184567,0.01840306991965459,0.00853444453928387,13.035242517059856,5.667199248590853,2.931110700911491,7.822066534237125,8.690161678039905,-0.0030301105323336515,7.781644634791621,3.2454262951675426e-05,0.5,1.0135027799841143,1.1841538265630291,1.0955104724056532,1.4055717308907718,1.1956276953899452,-1,-1,1.0135027799841143,0.5
BRK-A,Triviews(no_cl),1.2340290488159629,0.7074158312359368,2.918946898439139,2.411542031810953,1.1574952865960602,0.07598136087448282,0.15269567200321205,220.63409290537444,0.25332942583696727,0.005246221340291624,8.64695239956579,1.7462443536156853,3.009920433596955,9.902941253759879,5.188171439739475,-0.003836146407104157,7.580406644215244,0.000330537705135182,0.5833333333333334,1.0135027799841143,1.142311507983677,1.0759813608744828,1.3122742207808853,1.1552653777200963,-1,-1,1.0135027799841143,0.5833333333333334
BRK-A,Triviews(not_translated),0.8339892181865747,0.508942957485671,1.9636009247359192,1.7529254610943554,1.101014123495493,0.07326636962275912,0.2251390000892164,39.75395567448247,0.17028942765081753,0.02769571240937463,3.6089765141276997,0.24699589449608855,2.085117801572419,6.007805733204632,3.6089765141277,-0.0034138214903589254,4.890374937523892,0.00032760238877637543,0.5416666666666666,1.0135027799841143,1.1365540607409796,1.0732663696227591,1.2933175950003362,1.1468907563454591,-1,-1,1.0135027799841143,0.5416666666666666
BRK-A,Triviews(no_pull),0.4679809624671354,0.051401389020241446,1.9915337552171182,1.4209247332340726,0.55932942103436,0.04321791264659791,0.3161089305574164,9.057676645681275,0.1613253477328524,0.06175197491743645,1.4829975574603325,0.08850494155918855,-0.6016201776618872,4.779051971418607,1.1122481680952492,-0.022050406551687718,1.769419864374146,0.0004357606564400914,0.5416666666666666,1.0135027799841143,1.0738042704567452,1.043217912646598,1.1438301129523925,1.0785746837666386,1,-1,1.0135027799841143,0.5416666666666666
BRK-A,Triviews(supcon_cl),1.462437209177208,1.1586902650739248,2.3908049281332464,2.272258396806774,2.29244336892468,0.12017908191462312,0.2050666165864938,256.7964465295343,-0.0165331932265297,0.008927083687900739,15.567823223066375,2.297532591877973,2.748254621892157,7.076393599055736,6.671924238457017,-0.0030488569587964194,11.179017858120092,-2.89707907009839e-05,0.4583333333333333,1.0135027799841143,1.2380836050383162,1.1201790819146231,1.536043589203178,1.2498883770726592,1,-1,1.0135027799841143,0.4583333333333333
CCI,Triviews(no_cl),0.2896819748882621,0.6393007763809163,0.13504940810880944,1.8618790585268974,0.18811579762913477,0.09224624684247873,0.19628030480632627,1.6768544004023551,0.0337413131927022,0.11218373973554119,1.3766034226458126,0.044645384844907855,0.05767589720447433,18.975070805311887,1.1263118912556649,-0.010523381386910734,0.9584038389116647,1.107377856100864e-05,0.5116279069767442,1.19868945409858,0.9952551594262786,1.0922462468424787,1.0122625458716636,1.1698520804262234,-1,-1,1.19868945409858,0.5116279069767442
CCI,Triviews(not_translated),1.3778591325844969,1.31184541852709,2.451766385069847,3.0758732485138927,0.5448395650942659,0.2493677852920213,0.1139845922651442,18.397780135249814,0.04475205942229641,0.02961441875535642,3.608617276675664,0.25155823124386667,1.517829569145355,5.736814975074717,1.4762525222764078,-0.002596425928045302,4.779940466224526,8.529357262454804e-06,0.6201550387596899,1.19868945409858,1.302188700825194,1.2493677852920213,1.7779998707857565,1.5504230994832586,-1,-1,1.19868945409858,0.6201550387596899
CCI,Triviews(no_pull),-0.9915243711808726,-0.11760115349910791,-0.24298782401117405,1.441392490461913,0.15965417780002444,0.07877298931593057,0.17520777186907055,1.7061188562695029,0.11061802667392813,0.09357740652905899,1.3059895309419534,0.04699584638465948,-0.3800276317693873,7.7716092060774855,0.8880728810405283,-0.018718754344703263,0.9112277160817442,3.24068189990831e-05,0.5193798449612403,1.19868945409858,0.9708529248326252,1.0787729893159306,0.9708405392436292,1.1456667766265247,-1,-1,1.19868945409858,0.5193798449612403
CCI,Triviews(supcon_cl),-0.14933450118643826,0.6815787075137514,-0.9066610391116193,1.7207388757719217,0.10325050431826543,0.05158671944000104,0.196100338595215,1.0426639587374538,0.018845038294405463,0.09902567692403019,1.1824753633871101,0.029569388620858356,-0.9736251581320711,11.754170861167287,0.8321122927538924,-0.021126028985834277,0.5265187457498088,6.179203496474038e-06,0.5736434108527132,1.19868945409858,0.9225363789774708,1.051586719440001,0.8690929463973399,1.0839705427936417,-1,-1,1.19868945409858,0.5736434108527132
CCI,Triviews(dual_cl),1.2191657152420488,1.2244379534272902,2.008119595514208,2.823421977007951,0.6887695140851995,0.30765856103366107,0.13578231872130772,15.666277519396838,0.03563622947637048,0.04396510359480199,3.863065621427138,0.2172176780652098,1.4475703695466018,6.594068670067221,1.0816583739995986,-0.00016145643629145154,5.072600914253749,8.090811770746293e-06,0.5736434108527132,1.258499282063506,1.3587380911659022,1.307658561033661,1.9275717889417197,1.6937158375194188,-1,-1,1.258499282063506,0.5736434108527132
CHTR,Triviews(no_cl),-2.2721516720494708,0.22564019583893863,-3.6775579872061988,-1.4096017290082934,-0.07855918346382695,-0.05523321751415222,0.22095828785526486,-0.3726011840424187,-0.05247291918398918,0.21083986532604093,0.9320126428104558,-0.014685691460581794,-0.3602013888410344,7.495942243136893,1.1067650133374163,-0.02062114746815208,-0.3555385237022015,-1.4334376467219048e-05,0.5371428571428571,1.2711266263722851,0.7021993362187982,0.9447667824858478,0.5014272391543912,0.8626239685472401,1,-1,1.2711266263722851,0.5371428571428571
CHTR,Triviews(supcon_cl),-2.7004324801158788,-1.0281289121630388,-3.5701428451795407,-2.046040301233251,-0.12110222488483202,-0.08574296865744402,0.2336006883305767,-0.6476772280361027,0.010331342342683217,0.18697928480832982,0.8893880159736336,-0.023957841925211786,-0.6680174961468345,7.85065722106029,0.9971926239704376,-0.019225970084411875,-0.5184155310084357,2.983761840686557e-06,0.56,1.2711266263722851,0.6575787982231248,0.914257031342556,0.4358001248864331,0.8041947526766625,1,-1,1.2711266263722851,0.56
CHTR,Triviews(dual_cl),-0.2395249075355461,1.7860037601617795,1.3936725572280664,2.591307391596091,0.29059987024417766,0.19381937508104352,0.21471791186611905,2.1953281937395297,-0.04009309511261001,0.1323719483368766,1.464847699465215,0.08298033113160362,0.9851177313412458,7.947436463517773,1.262799740918289,-0.018382151293937943,1.3534030194247257,-1.0643173549232771e-05,0.6,1.3056523231771269,1.0915652467502623,1.1938193750810435,1.2191047562609862,1.3816568031815797,1,-1,1.3056523231771269,0.6
CHTR,Triviews(not_translated),-2.105725125186735,0.6812599534500537,-3.7511633348755375,-1.2354772003264154,-0.06549416695277555,-0.045950639403152804,0.20815485996194816,-0.3325604870303337,-0.081667229141921,0.19693911185185886,0.9313660129588978,-0.011999356664219345,0.6797240680716253,11.502709565045807,1.1743310598177406,-0.02141020856879367,-0.314641546033315,-2.1016851741091902e-05,0.6057142857142858,1.2711266263722851,0.7160657038968145,0.9540493605968472,0.5262878660205073,0.8837496166416414,1,-1,1.2711266263722851,0.6057142857142858
CHTR,Triviews(no_pull),0.7904464531053413,1.5214462905567425,1.200055761110963,1.600426470359155,0.34985226476013986,0.2316194967011893,0.2312125684345857,2.1516044017099527,-0.09435363026072491,0.16260064558433718,1.5177987713630035,0.0857696598378059,0.9140020969003806,7.270011715619253,1.2648323094691696,-0.02002894802085415,1.5131195813826164,-2.6971390508219514e-05,0.5942857142857143,1.2711266263722851,1.1933402645994349,1.2316194967011893,1.4427584657925812,1.4632359931474466,-1,-1,1.2711266263722851,0.5942857142857143
COP,Triviews(no_cl),1.49337171217729,1.809123673953733,4.01220895791971,3.513276058453411,1.1294897351406976,0.9994900856622091,0.31380779197594244,7.8234206942999895,-0.04445395749494436,0.14437287463827997,1.7913052278432928,0.22202717365309432,0.7120956041574319,2.96663300107143,1.2027335101233538,-0.030136208467481336,3.599304300344741,-1.3092857731548833e-05,0.4329004329004329,2.2309621435286746,1.7920342638974462,1.999490085662209,3.2228562452434204,3.659850030105425,-1,-1,2.2309621435286746,0.4329004329004329
COP,Triviews(no_pull),0.9185644131037213,1.7335829026830225,2.3161036358236347,2.9429152223961976,0.8135697531598247,0.7257971282707472,0.24854046819373907,7.010596086745807,-0.058644505210548946,0.11604858461293399,2.1028449617964604,0.1822972717111988,1.4794266061980925,6.7410757747940755,1.516004507341634,-0.01789946156182639,3.2733894768623406,-1.3679957065953562e-05,0.5627705627705628,2.2309621435286746,1.3350184971030987,1.7257971282707472,1.9135422028557003,2.820082703897936,-1,-1,2.2309621435286746,0.5627705627705628
COP,Triviews(dual_cl),1.9039061378771869,1.9809057363355076,2.9165105711715493,3.2016429460989726,1.6428129133107978,1.4466344426846778,0.2985027564394731,9.821728987854243,-0.12587083408475797,0.16726310768117658,2.2958462635510997,0.29907223035499053,1.0768824121116067,3.5235625620778475,1.3904421032774266,-0.023584083476445472,5.503510027532721,-3.511315754044986e-05,0.4353448275862069,2.24093410445808,2.6712164736225272,2.446634442684678,7.276009159191597,5.522742130533231,1,1,2.24093410445808,0.4353448275862069
COP,Triviews(supcon_cl),0.6498546352442272,1.56406505797837,2.142255940128888,2.7494450473210104,0.8033096020754062,0.7168450628891545,0.31406486913980386,4.328707130923091,-0.031612607482549876,0.18557725846980588,1.526950407772481,0.1795225207544199,0.4930553014180926,2.205301612427374,1.1122231365256343,-0.03492328225572551,2.5577824233433075,-9.318370504638237e-06,0.4458874458874459,2.2309621435286746,1.3212043864199194,1.7168450628891545,1.750816698792323,2.6975106161961,1,-1,2.2309621435286746,0.4458874458874459
COP,Triviews(not_translated),-0.6639043125216239,2.815155517250594,-1.6817621742291913,3.1733792653026933,0.3290033487125301,0.29787311313641873,0.26867986761502993,1.5789608772215384,-0.07997911203007882,0.20836700481868164,1.3556740148946977,0.09068799800746377,0.7834558362127065,5.167452176130518,1.1343394818506656,-0.02369687954338837,1.2245180542664735,-2.0168425698928278e-05,0.5411255411255411,2.2309621435286746,0.7550440166313701,1.2978731131364187,0.6003795787340704,1.5796314737612744,-1,-1,2.2309621435286746,0.5411255411255411
COST,Triviews(dual_cl),-1.3942014785593695,0.20879084863022115,-2.24421074680654,3.217256233699618,0.1495618872310005,0.1578573520430715,0.12101951945511856,1.5572663156892905,0.11286399363866656,0.09604130374116526,1.5255874927300588,0.07860208645914298,2.6744820840223644,24.572024849789457,1.0297715575927897,-0.008833559194311835,1.235849290299547,1.1184036611256576e-05,0.6075471698113207,1.5315746372748826,0.8753302745111865,1.1578573520430715,0.7762116851209903,1.3209616263112876,-1,1,1.5315746372748826,0.6075471698113207
COST,Triviews(no_pull),0.6788246997807059,0.9957905765449538,-0.6887284320497663,2.794293617560145,0.1722128800039031,0.18111589001959816,0.1248229663204182,1.8060729519424457,0.03953648198912964,0.09535211732100124,1.531121268775983,0.08431128672299118,2.3157178755174845,21.091229748935305,1.1649835740686827,-0.010697553843935967,1.379657006082005,4.0561397628575345e-06,0.5568181818181818,1.4647238722554892,0.9524216625954284,1.1811158900195982,0.9167736266295196,1.3732440860359945,-1,-1,1.4647238722554892,0.5568181818181818
COST,Triviews(supcon_cl),0.44908472479884937,0.8526920868904898,0.3647739589534269,3.286380680651779,0.20185766358691581,0.21242689773996992,0.08524422630834802,2.7063622986650433,0.10906222766548826,0.07458634185322688,2.2486617029752933,0.11457869796682654,1.5552164404167224,11.483683851621963,1.6490185821818817,-0.0038092385714251875,2.367992206964846,7.641167627252746e-06,0.6098484848484849,1.4647238722554892,1.0035877821119858,1.21242689773997,1.0347320327572882,1.458917147301921,-1,-1,1.4647238722554892,0.6098484848484849
COST,Triviews(not_translated),-1.5658389716189487,-1.4578752152715002,-3.8073274599538505,-1.177837049442061,-0.02360178890371134,-0.02471168375802002,0.0789809175608848,-0.2591720619536271,0.06484487511535827,0.09106609997158699,0.8944423465524243,-0.010089925627283646,-0.231300546650785,19.30765315696715,0.724072375780534,-0.005495955229473668,-0.29882900367062964,4.209380865217926e-06,0.6553030303030303,1.4647238722554892,0.6493970077332102,0.97528831624198,0.434147793864272,0.94500799121578,-1,-1,1.4647238722554892,0.6553030303030303
COST,Triviews(no_cl),-0.06109401146447718,1.2721648620733967,-1.7702796274656707,2.3873204290153396,0.0678225581721914,0.07116454877024792,0.08299058614173947,1.1627815811148665,-0.004790307087174121,0.05832785733255563,1.316175184453061,0.03882636921142918,-0.041014638437850345,9.419361003428866,1.11052281188227,-0.006263727852153211,0.8172319455167768,-3.267477281006767e-07,0.6136363636363636,1.4647238722554892,0.7833513963115311,1.071164548770248,0.6308915808631876,1.139184448819073,-1,-1,1.4647238722554892,0.6136363636363636
CSCO,Triviews(no_pull),-1.8691822870526345,2.1766464988363743,-3.6716258298718065,2.2852045166634083,0.06168228898513117,0.06445977928302593,0.072001000790031,1.3412699394012202,-0.07505226810504981,0.04598797540535937,1.4109757716127895,0.04663502183272986,1.5122144875690204,14.17313025047263,1.0159025555612085,-0.005036399289514881,0.856686550302388,-4.458220571590683e-06,0.6653992395437263,1.6273843480533052,0.6962550813928273,1.064459779283026,0.5068452015948575,1.1270729544156144,-1,-1,1.6273843480533052,0.6653992395437263
CSCO,Triviews(no_cl),1.8963516930602369,2.598707775601581,0.6210507150190926,3.575797703599622,0.27310083024284615,0.28658992397164385,0.11269102545084844,4.78554160617093,-0.10693069061589563,0.057067904266193015,2.6559691317808167,0.16140563295477522,4.7234601314299445,40.495134215071104,1.5769816719948602,-0.004199823983093698,2.4234479112266345,-9.941476717708244e-06,0.6197718631178707,1.6273843480533052,1.017162070192862,1.2865899239716438,1.0661831441571006,1.6346706494479402,1,-1,1.6273843480533052,0.6197718631178707
CSCO,Triviews(dual_cl),2.2357994397721317,2.13220282590912,4.055087962313711,4.170581539099124,0.5197839851541963,0.55037994893868,0.20771847966480378,4.292946407174429,-0.02872806999470526,0.12107861031890044,1.5394055975995682,0.16691722194382866,-0.2945181271807929,9.17726520402101,1.2104727775996604,-0.014189665430740394,2.5023483033044243,-4.9045817185869485e-06,0.3939393939393939,1.6582836142079338,1.449497519891492,1.55037994893868,2.026181851323778,2.2959093718109806,-1,1,1.6582836142079338,0.3939393939393939
CSCO,Triviews(supcon_cl),-0.02969100470306343,2.2536215611410846,0.1670483748255517,4.20040880017102,0.2642263487783403,0.2772313578509378,0.12193879024248674,3.211415629427577,-0.02414681665247201,0.0822772195405419,2.126256205977163,0.1690129975125571,3.7830590879417474,29.6167028126004,1.2993787925415996,-0.008605759615531571,2.1668769081020187,-2.4291870864702565e-06,0.6121673003802282,1.6273843480533052,1.002418355214708,1.2772313578509378,1.0309235949000934,1.6074134521834842,1,-1,1.6273843480533052,0.6121673003802282
CSCO,Triviews(not_translated),-1.6367437914014513,1.8519941090382583,-4.147968294901757,2.1263681580795764,0.11166760485614602,0.1168164266081495,0.08997027504296386,1.4279462803608345,-0.0876313552581843,0.07820154468831153,1.603767950501212,0.07366770309722295,1.9492543487283727,11.819124277627278,1.4701206212927775,-0.005342023875368701,1.2411610924032515,-6.504557746140616e-06,0.688212927756654,1.6273843480533052,0.7664316866718093,1.1168164266081495,0.6105759004551197,1.237041268183856,-1,-1,1.6273843480533052,0.688212927756654
CVX,Triviews(supcon_cl),-2.970694560890836,-0.15706532925808506,-3.733784285487099,0.2254123849187397,0.02046048826887703,0.02251298525091161,0.1594560020183322,0.11624432764042314,0.020417633829544677,0.17601278861681025,1.0552951315206134,0.01230237518635537,-0.128006441937696,5.740603362564068,0.8970008617925214,-0.017178779591723092,0.12831431874558566,2.550976718882373e-06,0.5703971119133574,1.622665280810295,0.6443305451661825,1.0225129852509116,0.4363469501411129,1.0167807247023075,1,-1,1.622665280810295,0.5703971119133574
CVX,Triviews(dual_cl),2.5055306504534594,2.8852564162386694,5.138437500840173,5.162183248549356,0.8117599778809224,0.9263273692739791,0.2502494611377076,5.684897178884437,-0.06341118795810717,0.14279237642081966,1.934250189150351,0.22149853165538178,2.7615506462697343,19.56063947148825,1.1809106417970563,-0.01910610854592303,3.2438031002761125,-1.2389183239866754e-05,0.5,1.6350152292073084,2.2695428564375324,1.926327369273979,5.032799431675177,3.4787317712363235,-1,1,1.6350152292073084,0.5
CVX,Triviews(no_pull),1.9287187147103122,2.594715387154952,3.5260918856902053,4.326890846366731,0.7184502934831831,0.8132765929749444,0.2353571054150963,5.0011759211309705,-0.07556213067932407,0.1436562730072315,2.326383981275231,0.19205085818209555,3.756785240948038,26.764681775614267,1.4633705688666776,-0.010388513195054072,3.052596573262836,-1.3934510684667306e-05,0.5956678700361011,1.622665280810295,2.0262786426224286,1.8132765929749444,4.08263318343518,3.110151271923066,1,-1,1.622665280810295,0.5956678700361011
CVX,Triviews(not_translated),3.1931302850999823,3.570419550536013,4.0715334110793595,4.923331233927561,0.6458052538260497,0.7291973443309896,0.24663341438638436,4.118070266602018,-0.10867323901375223,0.15682230074207282,1.937886221382812,0.19102358522348933,3.3121670003688233,22.183230270497464,1.2282377459468525,-0.018732721931558283,2.6184823959591665,-2.1000746856894826e-05,0.5703971119133574,1.622665280810295,1.8427235061985177,1.7291973443309896,3.3385645112593445,2.812491499443716,1,-1,1.622665280810295,0.5703971119133574
CVX,Triviews(no_cl),-2.9506716519421934,-1.3830526241775793,-4.138460005124211,-1.8994236023785582,-0.09784640188287097,-0.10701528380232839,0.11165263540177954,-0.5069878364043588,0.05497846279255659,0.19299556095233716,0.753829953734465,-0.04091184147641153,-0.6194201931218033,9.870851062434678,0.7981728921894335,-0.01208068853832564,-0.8763465504488349,4.809742037918031e-06,0.5523465703971119,1.622665280810295,0.4914271062510417,0.8929847161976716,0.2610630445880937,0.7864733872336644,1,-1,1.622665280810295,0.5523465703971119
DE,Triviews(dual_cl),1.3820907961932132,2.1664459275485726,2.8955184551023074,3.3284372412720473,0.6800489039378852,0.5125894192758589,0.23187386005090652,5.572683173088791,-0.08194187143485468,0.12203257978525128,1.8244276207526617,0.18627910396347927,1.5962787066914912,10.829627951663756,1.376926506228424,-0.021063617316030403,2.932839880220153,-2.047451497992476e-05,0.47761194029850745,1.29924594440479,1.7609650899109963,1.5125894192758589,3.108013105109852,2.1953690562546866,1,1,1.29924594440479,0.47761194029850745
DE,Triviews(no_pull),0.10499651064700845,2.0713924551999714,2.1035136462871566,3.437436405413395,0.309270272859101,0.2384554897527289,0.1981240031438547,3.8673862532687355,-0.03668203185768671,0.07996880906263348,1.6114964271577865,0.08011538141436383,2.045731718939482,21.500146203840522,1.1190947410817962,-0.014831561524521952,1.5609934583975915,-7.870391092979661e-06,0.535,1.2969619996671615,1.182588233496647,1.238455489752729,1.434527749981424,1.4888889462051478,1,-1,1.2969619996671615,0.535
DE,Triviews(supcon_cl),-3.2254736156986805,0.8612591655594881,-3.2016291824396594,0.5809962252683863,0.051036802266892334,0.040296367222127705,0.20573829078397016,0.2541440273086583,-0.020947238309557283,0.20081842098499547,1.1307083789959511,0.017007361428343436,1.631652754495818,20.978621124338023,0.9691786105679582,-0.013037183904638759,0.24806661935615149,-4.6671067726768905e-06,0.605,1.2969619996671615,0.8344242405970904,1.0402963672221277,0.7105752733927699,1.0478831915436644,-1,-1,1.2969619996671615,0.605
DE,Triviews(not_translated),-0.29938874243098634,2.200081905161047,-0.1887892799196161,1.859576659787375,0.1645982677758071,0.12854984609881437,0.22291978630023948,0.9872059694366668,-0.07149432422614918,0.16673143484913533,1.2411575124738958,0.0604078583263655,1.7080666004977143,13.697535844330464,1.1431713930680618,-0.022882729378804166,0.7383744193712709,-1.7259412922663715e-05,0.555,1.2969619996671615,0.982006223356201,1.1285498460988144,0.9738142261465146,1.2267212433900287,1,-1,1.2969619996671615,0.555
DE,Triviews(no_cl),2.0804243247956165,2.972182095348815,3.7829868863141445,3.7969642818882727,0.4109649293267117,0.31420666683334075,0.21605277106620693,2.8231377735448233,-0.0980791557646506,0.1455702704904447,1.6925221608141903,0.114282699134988,2.119389961965176,16.288924711986716,1.2585421195797826,-0.014585149789180952,1.9021506981772343,-2.2947870764015738e-05,0.51,1.2969619996671615,1.331680622556739,1.3142066668333408,1.799491523930463,1.6675648469585966,-1,-1,1.2969619996671615,0.51
DEO,Triviews(no_cl),0.30629140252557346,4.072369790357523,-0.03764411087354249,6.36437747284308,0.4862906943902905,0.24431474601775993,0.2141250974630429,6.092041606497829,-0.068074697268369,0.07982392862708099,2.182408639469307,0.1626423007697804,5.890016031728105,57.12500598947177,1.4080055738511659,-0.008131809725197918,2.2710588350075227,-2.2638505459302762e-05,0.5755395683453237,1.5473571785714286,1.0006217107459996,1.24431474601776,0.9948655800462158,1.5147014193205313,1,-1,1.5473571785714286,0.5755395683453237
DEO,Triviews(supcon_cl),1.4608189973030836,3.653908999746459,0.023755787126664683,4.647517261062672,0.49055915891122237,0.2462845956752555,0.21170353802755534,6.696100170062664,-0.1171958537910976,0.073260427181846,2.196947219262978,0.19605516311411797,6.272278030998169,59.12238453857882,1.488254567887824,-0.009148132806395325,2.3171986802004754,-3.853317753337174e-05,0.5539568345323741,1.5473571785714286,1.00379234667165,1.2462845956752555,1.0025371389277618,1.520530249961806,-1,-1,1.5473571785714286,0.5539568345323741
DEO,Triviews(not_translated),-3.609994326979484,0.6449836741167881,-4.524237160492765,3.1889680877760544,0.14494682530474212,0.07751973848575378,0.10567237133221741,2.623358410384736,0.08388158146338685,0.05525239125960091,1.4540083236917558,0.07562512294065175,0.1438208529632858,6.725117666522477,1.0770432027346337,-0.008015375360430758,1.371662464629018,1.3766467796235037e-05,0.6187050359712231,1.5473571785714286,0.7503431030050393,1.0775197384857538,0.5774579318285017,1.1539978644171385,-1,-1,1.5473571785714286,0.6187050359712231
DEO,Triviews(no_pull),0.31250816065298914,3.888362549189263,-0.6625687420661412,4.799534940186583,0.40724296842980356,0.20736478442159578,0.21568838051259193,3.282892991641234,-0.10065124555283277,0.12405002827284006,1.866703406940663,0.16517339168108122,5.895598106978191,55.11748358055241,1.2645410176049652,-0.011438099268799287,1.8881080541379867,-3.3716335230067874e-05,0.5323741007194245,1.5473571785714286,0.9420770736380536,1.2073647844215958,0.8815017129076647,1.4257927756094295,-1,-1,1.5473571785714286,0.5323741007194245
DEO,Triviews(dual_cl),2.448198206779605,2.6964275576311185,4.551841572316566,4.725242803913361,0.7402981785406997,0.35745349002105,0.216025837274925,11.607585035934047,-0.05658027264183841,0.0637771057673866,2.8591528887707987,0.2329495005775864,5.780343507618235,53.279339791085796,1.3834610752116767,-0.006763560604024237,3.4268964670117685,-1.8983015088380426e-05,0.5683453237410072,1.5473571785714286,1.1908562567768324,1.35745349002105,1.4072759146543332,1.8015007903424949,-1,-1,1.5473571785714286,0.5683453237410072
DHR,Triviews(not_translated),-1.6793181060043278,0.8063047129252909,0.0067608191234249425,3.1644282923281226,0.35848414071821577,0.1985913967524915,0.10189597207734774,14.745385501892121,0.15631264096552175,0.024311615364156824,3.7361791067300474,0.3103578406812291,3.187098685001799,12.628734884496756,2.417527657295913,-0.004453054822404784,3.518138483885268,2.30934030078231e-05,0.6375838926174496,1.4697609106057206,0.9774524046751426,1.1985913967524915,1.0006976154402154,1.4280124963209384,-1,-1,1.4697609106057206,0.6375838926174496
DHR,Triviews(supcon_cl),1.1937145718255744,1.3676463436295174,3.3849117956656425,3.26573404194987,0.9591413214024227,0.48829724668447994,0.14819407897937445,65.86305259817254,0.04632449686730937,0.014562661212411454,9.189611318177855,0.8465347515608364,3.0931697652883323,9.688848790845721,3.9954831818164585,-0.00125488338351522,6.472197323996428,9.953558657917615e-06,0.6174496644295302,1.4697609106057206,1.5070673593950354,1.48829724668448,2.34574070449003,2.186354483564114,-1,-1,1.4697609106057206,0.6174496644295302
DHR,Triviews(no_cl),0.04640855999822189,1.024571826460576,2.434940411490801,2.9981820042947334,0.5945778685145668,0.31770535199636796,0.12854801421306783,21.03676391814341,0.10977016565667592,0.028263751536507287,4.712642912468676,0.2244706779941032,2.293670323158544,8.928718755790003,1.8850571649874703,-0.0003435985903083191,4.625336860739493,2.04590992327226e-05,0.6241610738255033,1.4697609106057206,1.1813808505522734,1.317705351996368,1.4509574975668664,1.7195227295842208,-1,-1,1.4697609106057206,0.6241610738255033
DHR,Triviews(dual_cl),0.6392170966810922,1.1637289916738345,3.1365449394196157,3.1363893791961432,0.7741198896235066,0.40670861021505855,0.16139214562534107,11.988176898493965,0.07530947723411245,0.06457361249989202,3.2644326740830594,0.2969944842575998,2.0675325501669817,7.561404899357983,1.6816774381640003,-0.00784525029565708,4.796515261780854,1.7506242426990596e-05,0.5866666666666667,1.5065042370444883,1.3135237627577552,1.4067086102150586,1.7748707098876002,1.948730978409136,1,-1,1.5065042370444883,0.5866666666666667
DHR,Triviews(no_pull),-1.4525184622626461,0.5596930600784313,0.5915990488205756,3.098677889521863,0.4069312540207757,0.22368399738045008,0.1148683313191698,14.454683056663253,0.20796404832498655,0.028152208694274372,3.1042876799828325,0.328772673400463,2.7503996207817343,9.67840799873556,2.328215759987124,-0.005656716568182618,3.5425887130726075,3.4635813482130124e-05,0.6442953020134228,1.4697609106057206,1.0188068784792257,1.22368399738045,1.0836374173633374,1.486012873299665,-1,-1,1.4697609106057206,0.6442953020134228
DLR,Triviews(no_cl),2.5615042244545534,2.0080139074813212,3.3323947641917266,3.9797424715101104,0.45248892641954797,0.22680651488127967,0.24878986658399685,3.584137088333381,-0.009449463399853367,0.12624766164565282,1.5349538313211415,0.14753579727195984,1.9244782185089233,10.366484117785705,1.4390192168635703,-0.018765256759341726,1.8187594721297777,-3.6773598256767454e-06,0.4927536231884058,1.1840875340886263,1.2710666919684863,1.2268065148812797,1.6160504376430311,1.4579432737075146,1,-1,1.1840875340886263,0.4927536231884058
DLR,Triviews(dual_cl),1.4411068365116968,1.114244959775007,2.4117194236445108,3.035932209289318,0.4608011195226427,0.2306462073419091,0.2206542680381283,7.312092467204428,0.04510982428453842,0.06301904982594086,1.7730147872278532,0.15253685193227573,2.758346884898665,16.472965207742384,1.3930830471075988,-0.014961374495953533,2.0883399338689332,1.5569682642968956e-05,0.5434782608695652,1.2009044305755183,1.2611245733511236,1.230646207341909,1.6100301433298596,1.4775330707387782,-1,-1,1.2009044305755183,0.5434782608695652
DLR,Triviews(supcon_cl),-0.1429290075728655,0.25453425318447964,-2.391893735984861,-0.3739561743822637,0.001016689046656305,0.0005566303153041741,0.27199530770022917,0.006747683370798507,-0.018378495953656072,0.15067231089356703,1.0321471893228498,0.012846962959733569,1.3930336791174367,7.628117031109948,1.2510875022095147,-0.02507106636609022,0.0037378918601669994,-7.819296324053026e-06,0.5434782608695652,1.1840875340886263,0.8454726037112255,1.0005566303153042,0.7056479680544471,0.9634012792508828,1,-1,1.1840875340886263,0.5434782608695652
DLR,Triviews(not_translated),0.4091671354189544,0.6814753718985667,1.5677153106883486,3.075472119329159,0.25418524337787973,0.1320477168253087,0.2415216199469985,2.2699772180131927,0.05687418459149266,0.11197700195438809,1.3546323570747951,0.08705360054836084,1.944074583703387,11.892547418651592,1.3546323570747951,-0.022740988843649057,1.0524326701421605,2.1486589607346325e-05,0.6231884057971014,1.1840875340886263,1.0822950130589546,1.1320477168253087,1.1760673602990774,1.2437390480899664,-1,-1,1.1840875340886263,0.6231884057971014
DLR,Triviews(no_pull),2.054014708580405,1.6523316638505965,2.2630654385803446,2.758630260637434,0.48848583771300036,0.24336400883472464,0.29376579804772407,3.0755224174089024,-0.028265609053160393,0.15883019904128837,1.3493357530589387,0.15853829996129917,1.0290222188143527,4.69975516408611,1.3768732174070804,-0.02508282852260839,1.6628410827922275,-1.2988406486086085e-05,0.42028985507246375,1.1840875340886263,1.3056079166101968,1.2433640088347246,1.6601409777315714,1.4776978987431897,1,-1,1.1840875340886263,0.42028985507246375
DUK,Triviews(no_pull),0.0030245897426282304,3.8494532495724245,-0.7086138532646825,4.023973513774796,0.11136754453777997,0.1062568793896419,0.09519326125250757,1.7671629030375253,-0.10411723681231376,0.06302053101406413,1.4736258599779932,0.0558193777517275,0.4239797234387294,9.018566366722371,1.0933353154675434,-0.006760858215720544,1.1699099607730514,-8.918687061286831e-06,0.5684647302904564,1.2754861535184137,0.9594806496495936,1.106256879389642,0.943894123176136,1.2133401727121629,-1,-1,1.2754861535184137,0.5684647302904564
DUK,Triviews(no_cl),-3.484065029220766,0.8392065225850012,-1.1272558517433817,3.634420215618198,0.1027584360787932,0.09806003720807221,0.0664097931317319,1.9157187764445822,0.08436289724186567,0.05363962463713201,2.137112342376611,0.061190328233002675,2.8603427592772244,24.984635148279537,1.2822674054259666,-1.9761387409949616e-05,1.547338596206125,5.041452733108188e-06,0.6016597510373444,1.2754861535184137,0.9453147272413628,1.0980600372080722,0.9244535447380148,1.200780100057972,-1,-1,1.2754861535184137,0.6016597510373444
DUK,Triviews(dual_cl),1.2287208625204002,1.8550099186724558,3.3993401988423924,3.7822854253444067,0.3883093531715316,0.37035166971332845,0.09542613474828371,16.93156721479242,-0.016191008838398475,0.022934046697832056,3.5266683592027546,0.24461993442103844,2.4097729684500226,11.892210821376688,1.679365885334645,-0.0036908029925186714,4.0692138919366165,-1.3846058436768727e-06,0.6198347107438017,1.277561,1.4698818284888984,1.3703516697133284,2.213417538146951,1.8614208489958408,-1,-1,1.277561,0.6198347107438017
DUK,Triviews(supcon_cl),-0.4916610494182422,3.270446256260539,1.4996548822695652,5.5540692728818915,0.15712082205252864,0.14977319005484135,0.07894321837034551,3.6165880134708206,-0.04252937864945412,0.043444490073875075,2.058885344434447,0.08819395333509183,1.2893763443690092,10.472271448973462,1.2200802041093017,-0.0014469494154273998,1.9903017041366282,-3.021175483490517e-06,0.5767634854771784,1.2754861535184137,1.0364505995790114,1.1497731900548414,1.1073301326049514,1.3141940450330565,-1,-1,1.2754861535184137,0.5767634854771784
DUK,Triviews(not_translated),-2.49094113274393,0.6048179592012584,-2.3282695384369023,2.4700338822210126,0.0504900359690541,0.0482338074413482,0.07991765013743492,0.9169193227118686,0.03552314697942833,0.0550648619986821,1.300635171902128,0.029209144835605164,0.9098286152376889,12.596456753026724,0.9613390401015731,-0.004918278146647675,0.6317757827241673,2.5546195098032155e-06,0.5643153526970954,1.2754861535184137,0.8614708297945637,1.0482338074413482,0.7648348300896342,1.092206519411106,-1,-1,1.2754861535184137,0.5643153526970954
ECL,Triviews(no_cl),-2.532128499286181,-2.2183665825132093,-3.15679200947659,-2.3464204363937595,-0.13292021176301572,-0.0672464222275756,0.17416088009990266,-0.9033931558538472,0.09797160747975919,0.14713440200616246,0.8058880246774837,-0.03770605732666155,-1.0323914824569391,12.928099743771746,0.8409266344460699,-0.014823415047267401,-0.7632036062677775,2.9905211044179578e-05,0.5528455284552846,1.1322052644666547,0.768437724282355,0.9327535777724244,0.5978180763774202,0.8570184860798534,1,-1,1.1322052644666547,0.5528455284552846
ECL,Triviews(not_translated),-2.54787447370292,-2.4341141607426686,-2.5124196802178167,-1.4221987027256677,-0.05865090391155736,-0.029070164787496355,0.101389326529847,-0.5828252619770318,0.19343060267603576,0.10063205515938789,0.8131565629934474,-0.031144046834052665,1.440839908957545,14.866312219026792,1.0571035318914817,-0.011731106317395266,-0.5784721717654541,3.437268438680129e-05,0.6747967479674797,1.1322052644666547,0.8326270637417117,0.9709298352125036,0.7163239374314192,0.9381243325226604,-1,-1,1.1322052644666547,0.6747967479674797
ECL,Triviews(no_pull),-2.336408158622043,-0.370726143528755,-0.8168623516983778,1.4430279886415518,0.0917314326410752,0.04376840736058041,0.1624254994060117,0.9416527940601674,0.08647904011685097,0.09741534588938305,1.2548981714896208,0.023366273625576528,-1.1000500535132087,18.373075260129326,0.9411736286172155,-0.011731106317395266,0.5647600467693561,2.4618472245770945e-05,0.6422764227642277,1.1322052644666547,0.9622393769006622,1.0437684073605804,0.9411962256155676,1.0753398913667,-1,-1,1.1322052644666547,0.6422764227642277
ECL,Triviews(supcon_cl),-0.3287487704789466,1.1786234987518494,1.6055596774546752,3.2176711658005597,0.18522241849860288,0.08647905646970488,0.1219677886097865,3.8973381417150517,0.04014623688265679,0.047525365201464,1.757238241546052,0.09665748602575504,2.471481484807788,13.465725964424013,1.0982739009662823,-0.0057801417220707295,1.5186175022914281,8.581950784673674e-06,0.6747967479674797,1.1322052644666547,1.0425995861301376,1.0864790564697049,1.118547677700928,1.1722842191171712,1,-1,1.1322052644666547,0.6747967479674797
ECL,Triviews(dual_cl),0.7265386987000038,1.1088252075925713,3.749469823505638,3.7236348191249773,0.6270529187081815,0.2681894981792867,0.15644105531752975,10.790535967204754,0.1273335618092011,0.05811137839806646,2.7774142658166694,0.27344119945806106,2.1221956939434823,7.511708899121314,1.4955307585166682,-0.011835983574729219,4.008237591055921,3.491319961462253e-05,0.6666666666666666,1.1322052644666547,1.4205062048089392,1.2681894981792867,2.0568396714411965,1.589666010924231,-1,-1,1.1322052644666547,0.6666666666666666
EL,Triviews(supcon_cl),-2.5147680711962344,0.4860081058947232,-2.5776653343001588,3.2085691520606954,0.2115612481682474,0.13561951499102265,0.15420753808295484,2.5242238343411696,0.09539939352588656,0.08381239622652781,1.6723947135950945,0.045269340207769675,-2.049628942868077,32.265547375230376,1.2542960351963208,-0.004875633069298335,1.371925463555741,1.9051452702337484e-05,0.562874251497006,1.5909705863658192,0.8105942962618125,1.1356195149910226,0.6846665759523034,1.268643984784765,-1,-1,1.5909705863658192,0.562874251497006
EL,Triviews(no_pull),-1.90206522606961,1.166008840300237,-2.606835871251726,2.7972988133655816,0.20265617556683568,0.1300811617248181,0.06973993469044959,12.276746070791523,0.04231541308085676,0.01650731996884658,6.908799918357279,0.08764239779452933,3.9211182504720625,20.845963789873814,1.5352888707460621,0.0,2.905884217792192,3.821703591619942e-06,0.6526946107784432,1.5909705863658192,0.8027071292389508,1.130081161724818,0.6894356679445136,1.2730547306181543,-1,-1,1.5909705863658192,0.6526946107784432
EL,Triviews(dual_cl),0.7851598354243841,1.4616060854869766,1.722449142832027,2.813373254285615,0.5819240183313805,0.3551893942486062,0.16903317644964394,9.357008575195415,-0.018797841217616424,0.06219124559466671,2.1942791206231593,0.207746436887899,1.2643402172413933,5.053160954000802,1.6300359181772042,-0.013430086684114106,3.4426615564710716,-4.114876535301319e-06,0.5209580838323353,1.5909705863658192,1.1543508786539065,1.3551893942486062,1.3822912697259366,1.802602560718909,1,-1,1.5909705863658192,0.5209580838323353
EL,Triviews(no_cl),-1.8941537039974183,-1.772864959931556,-2.8566054425272567,-2.2256370128486367,-0.12460238881975094,-0.08441307541402199,0.1674307815650834,-0.9258527396922455,0.061567834586109225,0.1345812173771489,0.7600659090718871,-0.023917124654168124,-3.0558010091920735,25.1807968617122,0.8400728468689279,-0.013086695659222047,-0.7442023960887725,1.3349532687167241e-05,0.5748502994011976,1.5909705863658192,0.5269106944256582,0.915586924585978,0.2873211845146532,0.8218338500730957,-1,-1,1.5909705863658192,0.5748502994011976
EL,Triviews(not_translated),-2.196181878598305,0.09392159326155726,-3.0460062487941677,1.5628951870257504,0.1030744586885477,0.06717133778410744,0.17821934322720234,1.26837393349433,0.05677605055862528,0.08126504019566283,1.2249875818856977,0.029199015868804273,-1.156834565325144,18.374159288789222,1.1374884688938622,-0.014101090764344626,0.5783573029844665,1.3103789175463983e-05,0.562874251497006,1.5909705863658192,0.7158238335438709,1.0671713377841074,0.5285042147180856,1.1146138331452202,-1,-1,1.5909705863658192,0.562874251497006
EQIX,Triviews(dual_cl),0.8107124451324911,0.5910719859994767,2.9943466437052524,2.552350408201297,0.9138868679193672,0.4268644416544476,0.218416845166486,7.777656249316422,0.1700004794605726,0.11750157613351564,2.5399283503277488,0.17739900590336283,0.9931985516865958,9.947080087713214,1.166994106907344,-0.013739336659587464,4.184140958646145,5.808079721205549e-05,0.5362318840579711,1.038692816599944,1.9601003321870567,1.4268644416544476,3.945348690326977,1.9839949372882903,-1,-1,1.038692816599944,0.5362318840579711
EQIX,Triviews(no_pull),1.1074525355894669,0.8165069444964768,2.9129622101011527,2.4752319954214093,0.7828124452452854,0.3724933244193165,0.19857003085220318,9.10522162140379,0.09804068909971363,0.08597401335131871,2.398842383363287,0.2150203986471675,1.3243493053212079,7.24242377958158,1.4393054300179724,-0.013739336659587464,3.942248696269465,3.0452037165653455e-05,0.5652173913043478,1.038692816599944,1.813565950847541,1.3724933244193165,3.409158002275529,1.8442569481868376,-1,-1,1.038692816599944,0.5652173913043478
EQIX,Triviews(supcon_cl),-1.6801561303385182,-2.45245668244799,-3.197029137136919,-3.612750340792381,-0.21306027416960094,-0.12296774334035732,0.2054187711062221,-1.3444346085703316,0.05332648545807344,0.15847574349203097,0.7317361430432161,-0.04870926348399045,-1.899324265965888,8.579342461085044,0.5726630684686039,-0.02511709863690574,-1.0371996338125664,1.7134813487394785e-05,0.5289855072463768,1.038692816599944,0.7405322987977877,0.8770322566596427,0.5649175355742676,0.7507414440831524,-1,-1,1.038692816599944,0.5289855072463768
EQIX,Triviews(not_translated),1.190069379552206,0.3544373295137081,1.6110960669803216,1.1221870538659717,0.12219337826921195,0.06516779481639823,0.17079080093651997,1.428707868863999,0.03075506659893847,0.08552719623947402,1.3434117337377973,0.02903981019014163,0.0037491522764921156,12.383866468592114,0.8060470402426784,-0.005365862325820234,0.7154564391007754,8.216321786437381e-06,0.6231884057971014,1.038692816599944,1.0923175870494308,1.0651677948163982,1.2500643261334743,1.1167707852941424,-1,-1,1.038692816599944,0.6231884057971014
EQIX,Triviews(no_cl),-1.7851555037384603,-2.443479141106371,-3.4389798704004355,-4.010319198108811,-0.36634853026721925,-0.22108596334093922,0.1782091140164458,-1.657041110756855,0.05102504639808907,0.22108596334093922,0.3992738913955688,-0.10439705563412491,-2.632360955049162,8.617650773750267,0.42998726765676637,-0.031159576600641347,-2.0557227518308143,1.4223602675035952e-05,0.5579710144927537,1.038692816599944,0.5841063563821566,0.7789140366590608,0.3552959094843496,0.5953782527574559,-1,-1,1.038692816599944,0.5579710144927537
EQNR,Triviews(supcon_cl),0.35445654922840875,1.8829523904956824,-1.0982260773931105,1.8471530141785275,0.47988978159008466,0.2825731401334337,0.35951614404730714,2.9966443305265638,-0.1011278834926574,0.16014238883857113,1.5002426712247419,0.10461568703000161,3.2789097718101443,22.947539345077004,1.4533600877489687,-0.023703296558732833,1.3348212299666244,-4.9123846149420154e-05,0.51875,2.0574797347089167,0.7995188638027866,1.2825731401334337,0.6465344070573384,1.5309191009683325,-1,1,2.0574797347089167,0.51875
EQNR,Triviews(no_cl),-1.5271240499965753,1.4777204723421826,-3.674569665680761,-0.10531971047242848,0.026254807034481464,0.01659076825063832,0.27661298319525585,0.13478748531740067,-0.09511579529140093,0.19478668195831417,1.0748352875802,0.015232900317652245,1.9735461969283283,15.915900242389931,1.367972184192982,-0.025573742316071967,0.09491530994388898,-3.5549070635645046e-05,0.575,2.0574797347089167,0.5022925731215686,1.0165907682506383,0.2690049901192387,0.9874988280524694,-1,1,2.0574797347089167,0.575
EQNR,Triviews(not_translated),-1.4741358132420734,2.777728516648854,-1.9749651383248772,6.276570665842066,0.4351519087856659,0.25781768636107505,0.18008324645522986,12.148030265401687,0.006327439919455149,0.03582077911223225,3.2048675595520186,0.27443593431283014,6.090419813492363,47.139219237599306,2.7118110119286314,-0.006662215163825468,2.4163930701562966,1.5395875443019058e-06,0.65625,2.0574797347089167,0.7689530571957515,1.257817686361075,0.6658884597876923,1.5536642221562602,1,1,2.0574797347089167,0.65625
EQNR,Triviews(dual_cl),0.9690992329400855,1.5601422929555642,4.397260132414842,4.192762045365768,1.8942840591265142,0.971848362813245,0.30680356006022486,13.41559410757576,0.04089794729889286,0.14120016183679973,2.729093035372521,0.2472072560007291,1.0158562142803433,6.128575087718257,1.4597474375248367,-0.017197966228193064,6.174257100389156,1.684939443878281e-05,0.5279503105590062,2.008190543559196,1.936163865724656,1.971848362813245,3.890224377341088,3.6641116310987063,1,1,2.008190543559196,0.5279503105590062
EQNR,Triviews(no_pull),1.429536240455527,1.8893471107525222,3.3374601993361077,4.120999461295135,1.6962610411587389,0.8771528720742443,0.34035078241127104,10.225111561928133,-0.019056919762583297,0.1658916903630221,2.2266063930560747,0.22743020993687613,1.1374286568635634,6.338408419974895,1.2183317999740784,-0.01996681294464759,4.983861148022927,-8.76359918232284e-06,0.50625,2.0574797347089167,1.7126306741655963,1.8771528720742443,2.970869151083853,3.281694753854735,1,1,2.0574797347089167,0.50625
FCX,Triviews(no_pull),-2.1771059567120834,1.1123703500983366,-2.2389211642155447,1.4565942940564345,0.2827453676552123,0.18525051257778302,0.28574652852543064,1.096816826359353,-0.024462139636933097,0.2577872265086638,1.4056342194614382,0.05943881024505403,1.4246628342220455,11.114470915453612,1.2222906256186419,-0.022080464664788912,0.9894971222023043,-8.791307786596981e-06,0.622093023255814,2.2414169482288826,0.6267547761142589,1.185250512577783,0.4712592812017957,1.3323771372571085,1,-1,2.2414169482288826,0.622093023255814
FCX,Triviews(not_translated),-3.5340221261442766,1.5892553140862535,-4.213927183543995,1.8747773359403277,0.2357938915902107,0.15546507703084056,0.32155961955580376,1.249546868356282,-0.025396474985195868,0.18870351930086948,1.3055386007488352,0.048988308315946104,1.202200305128644,8.880110254377392,1.1352509571729001,-0.029007118280110766,0.7332820330983468,-1.0271007075934123e-05,0.6104651162790697,2.2414169482288826,0.5956497943378417,1.1554650770308406,0.4136515220368965,1.2482872278499129,1,-1,2.2414169482288826,0.6104651162790697
FCX,Triviews(no_cl),0.668332164168691,3.67695846004353,-0.47964030264206087,2.6963265535024075,0.6083603421108592,0.38313582513203315,0.3590814197627816,2.2851274214450252,-0.17949572085519175,0.26622600403007546,1.8636358911627795,0.12605894856168587,4.091511002697143,27.349009150938482,1.8636358911627797,-0.01974152921305672,1.694212812550306,-8.106345586029303e-05,0.6337209302325582,2.2414169482288826,0.853506846316715,1.3831358251320331,0.8369759327663739,1.7756350069877052,-1,-1,2.2414169482288826,0.6337209302325582
FCX,Triviews(supcon_cl),-2.186031945070309,1.3414972199870245,-2.6603292659088793,1.5235925518510978,0.28350387589061343,0.18572883104566285,0.29716433565477546,0.8404634818172699,-0.036440892863780196,0.337318493931009,1.3618347921093412,0.05418504036772228,0.6297119999336619,7.759319796946635,1.0475652246994933,-0.026016481798083413,0.9540306216960309,-1.361958193555532e-05,0.5872093023255814,2.2414169482288826,0.6272607432025832,1.1857288310456628,0.4665742411432553,1.325737658235535,1,-1,2.2414169482288826,0.5872093023255814
FCX,Triviews(dual_cl),1.919021424135254,2.725440569501114,2.4726954387044975,3.631867351304113,1.879343348194097,1.0668483020770294,0.4826615230730624,3.5686698769221605,-0.1236808612696604,0.5266229191854972,1.8578082287051119,0.2319876819630319,1.7280038432485765,7.725965806943476,1.6044707429725966,-0.03613408536134381,3.893708651620886,-7.464959504047567e-05,0.5086705202312138,2.2864922501910536,1.8683036880801849,2.0668483020770294,3.4791202155841603,3.692223300748823,-1,1,2.2864922501910536,0.5086705202312138
GE,Triviews(no_pull),-3.53319721015898,2.230953757540523,-4.475656932337434,0.9474324765721627,0.07129275871462304,0.07481165679552704,0.1585240302933786,0.42973473688405117,-0.12573714375598716,0.16589945516519622,1.2347578571199016,0.027291714579325412,2.3584249396555554,20.676632589550564,1.5153846428289701,-0.008447745745649958,0.4497284013198652,-1.638245883846479e-05,0.6060606060606061,1.820618188979229,0.6345207933088076,1.074811656795527,0.4393217360125669,1.1266049439540244,-1,-1,1.820618188979229,0.6060606060606061
GE,Triviews(dual_cl),1.0741069268479106,2.1229468007122523,1.8631332686060158,2.2949283439575523,0.6147980173837226,0.6552151939550499,0.20869104023763974,2.4735645940583844,-0.16929639156791645,0.2485473873859998,1.9836268113387368,0.18714197468377097,1.422228173113193,6.375279050616829,1.5869014490709892,-0.015907715948764684,2.945972269262938,-2.89293881047997e-05,0.5584905660377358,1.8584244317165453,1.4742258504259311,1.65521519395505,2.281709951258361,2.6204105152181025,-1,1,1.8584244317165453,0.5584905660377358
GE,Triviews(not_translated),-1.3872537905989673,3.427075946653187,-0.3489401535964788,3.7624947764799237,0.29843952144606756,0.3146881865430209,0.21004120630555057,2.2248321588928808,-0.10294520598953906,0.13414024076071285,1.602658121225408,0.06511120221007663,0.8392503581955052,12.586130507017252,1.4141101069635953,-0.007495244648631338,1.4208617761027444,-1.7771783761556123e-05,0.5492424242424242,1.820618188979229,0.9493506317240762,1.3146881865430209,0.9444416576850296,1.65183960474745,-1,-1,1.820618188979229,0.5492424242424242
GE,Triviews(no_cl),-2.8615416404528604,2.8443139227793224,-2.84469605187342,2.5925429218460527,0.172303130957435,0.18121115691326106,0.20056851834044956,1.4652593437936734,-0.08279988263567802,0.1175922417333497,1.351339353996976,0.052739067858232284,1.5468124203368405,12.504930971337702,1.2321035286443018,-0.01578278005420218,0.8590736591321064,-1.3649378498392065e-05,0.5606060606060606,1.820618188979229,0.7663659550708136,1.181211156913261,0.6214077065886735,1.339888392120598,-1,-1,1.820618188979229,0.5606060606060606
GE,Triviews(supcon_cl),-1.9993300159511829,2.9278893646296975,-2.1127178514173983,2.3227799355775325,0.21471358990206624,0.2260168992907241,0.2104749682756926,1.0524441451370277,-0.11467117128155094,0.2040142376145868,1.3796430759340836,0.06053365753874512,1.1090181471145513,9.714708774082819,1.2707238857287613,-0.014716315782529618,1.0201383644862778,-1.9836958774474796e-05,0.5416666666666666,1.820618188979229,0.8256082722040673,1.226016899290724,0.7147097643256142,1.4369616076629503,-1,-1,1.820618188979229,0.5416666666666666
GOOG,Triviews(not_translated),-2.78787181941594,-0.5674687068551159,-4.284821730094436,-1.1770783835166836,-0.01704652480771307,-0.01523409877559001,0.09241369047422814,-0.3452137344649782,0.0030650191880234384,0.04937962515927197,0.9373937589267498,-0.004405245323866561,-0.8104755800084431,29.908367526287304,0.8202195390609062,-0.0029642289385502785,-0.18445886881302417,2.728878345725591e-07,0.68,1.5349409115965706,0.6317923203998935,0.98476590122441,0.4116478244506968,0.9623634073838524,-1,1,1.5349409115965706,0.68
GOOG,Triviews(dual_cl),2.016986954885367,2.542532555881797,1.6820991421675333,3.1425917358060773,0.36138182142526176,0.3187322261804246,0.12743685327172313,3.502254659480842,-0.15072042783257913,0.10318547808822998,2.9313699622627696,0.12661456945833316,3.858458572083646,35.31843718582033,1.3114023515386075,-0.0027960722981244623,2.8357716951368612,-1.8423353798302883e-05,0.6150442477876106,1.5726876628810509,1.105785163457667,1.3187322261804246,1.242383778968416,1.7150235341280688,1,1,1.5726876628810509,0.6150442477876106
GOOG,Triviews(no_cl),-1.4281994766797104,2.9634623365626522,-2.4808803652147766,2.716885041293875,0.06722131168676304,0.05980807087669504,0.1061202613108698,1.2682065834236536,-0.07099173060554714,0.05300501713631878,1.5107906463263405,0.02195527244842538,5.050128579563212,72.0812128028223,0.7553953231631703,0.0,0.6334446490839692,-7.2580630685917765e-06,0.7333333333333333,1.5349409115965706,0.731750087973804,1.059808070876695,0.5502863039823124,1.1126806635238295,-1,1,1.5349409115965706,0.7333333333333333
GOOG,Triviews(no_pull),-0.3009785269853989,2.4020491859896653,-0.6933546085306377,3.475860464475859,0.24664499977265675,0.21754393694815888,0.1380712858388578,3.964349912628525,-0.06614515134844368,0.06221574916658179,1.6927841397353875,0.10220695527470335,2.358298369426562,24.895260558707403,1.181012190513061,-0.008599289404697157,1.7863598377762244,-8.798650105082846e-06,0.6311111111111111,1.5349409115965706,0.965778700143765,1.2175439369481589,0.9452500640739306,1.4583089683577075,-1,1,1.5349409115965706,0.6311111111111111
GOOG,Triviews(supcon_cl),-3.2254189134485407,0.8736986257916879,-4.179085996192784,2.0021414762002685,0.08032060126844787,0.07141501989910193,0.04808786280914471,5.4675243537475,0.02189609847390793,0.014690488065845608,5.764922075092415,,7.339907817760552,78.72796230584838,0.9608203458487359,0.0,1.6702884382121794,1.014417837250753e-06,0.7555555555555555,1.5349409115965706,0.7478660163350347,1.071415019899102,0.5833904509071495,1.1456602552598574,-1,1,1.5349409115965706,0.7555555555555555
O,Triviews(no_cl),1.9866153481811542,2.2218135343047862,2.4159744580371685,3.026816840101678,0.25381844182852387,0.14104703764150783,0.15735543261827303,3.023989897904347,-0.0688961454505149,0.08393495031330045,1.5479582159760572,0.07490645099977904,-0.4256603839032633,7.175867726272754,1.3268213279794774,-0.011293200884224086,1.6130262400552733,-1.5930267337396013e-05,0.4897959183673469,1.156142845891666,1.126148336027038,1.1410470376415078,1.278965062716983,1.2832901893210031,-1,-1,1.156142845891666,0.4897959183673469
O,Triviews(not_translated),-3.688275438552935,-3.57209922837397,-3.3309326525651364,-1.470731094296196,-0.037950928988061405,-0.022316285747306375,0.11450372129247313,-0.40919806303601447,0.19173021387254072,0.09274464474852917,0.9063282338944648,-0.010476118718762424,-1.6715226636259517,12.366695818621029,0.7552735282453874,-0.007972085669944395,-0.3314383895971781,3.225942006063892e-05,0.6326530612244898,1.156142845891666,0.8267710590534686,0.9776837142526936,0.6986636492904157,0.9484831229263996,-1,-1,1.156142845891666,0.6326530612244898
O,Triviews(no_pull),-0.3529804914576183,0.47343734051511055,1.4216302635823834,1.9464729143393202,0.23296807290058297,0.12993961416754907,0.14827634471545287,2.5512453308526934,0.07824294987068556,0.09131543332319159,1.5179497579730126,0.08516276672200766,0.39357255649927275,7.148526583506831,1.2419588928870102,-0.009853447816756539,1.5711749122738106,1.7047609343627728e-05,0.5510204081632653,1.156142845891666,1.1043302617856172,1.129939614167549,1.2343783830859285,1.2607230331375134,-1,-1,1.156142845891666,0.5510204081632653
O,Triviews(supcon_cl),-1.1600108632536061,0.7508498270965573,-1.8420252960424008,0.926915106879892,0.0645097088467701,0.03713975641721978,0.15660223024202416,0.8396316802163377,-0.01463916335449516,0.07683096096391773,1.1405177070785895,0.02422747140254145,-0.6009741506851641,6.331086889209846,1.0301450257484033,-0.015194669934761151,0.4119335257682616,-3.368686510608964e-06,0.564625850340136,1.156142845891666,0.930385789406134,1.0371397564172198,0.8732336384765944,1.060378130476408,-1,-1,1.156142845891666,0.564625850340136
O,Triviews(dual_cl),1.672532634011321,1.6468218560216037,3.6185101319092263,3.192176590497328,0.4717150698655499,0.2528445262707064,0.17508257643291453,3.7826113860535817,-0.01699768755713477,0.12470619414004691,1.7836485474700627,0.14050378993798238,-0.09402813966550191,5.349039588274396,1.4356195625978554,-0.011293200884224253,2.694243364908983,-4.372996891332246e-06,0.5306122448979592,1.156142845891666,1.3576344935092497,1.2528445262707064,1.8459255213325607,1.541709756297968,-1,-1,1.156142845891666,0.5306122448979592
