,dualcl,Triviews(supcon-cl),Triviews(no-cl),Triviews(no-translated)
0,1.0,1.0,1.0,1.0
1,1.0,1.0,1.032835659927708,1.0
2,1.0,0.9714329143204662,1.032835659927708,0.9714329143204662
3,1.0,0.9714329143204662,1.032835659927708,0.9714329143204662
4,0.991668414507772,0.9540031291571306,1.032835659927708,0.9714329143204662
5,0.991668414507772,0.9540031291571306,1.032835659927708,0.9714329143204662
6,0.991668414507772,0.9540031291571306,1.0242305013275983,0.9633393379448412
7,0.991668414507772,0.9540031291571306,1.0242305013275983,0.9633393379448412
8,0.9975664545405386,0.9540031291571306,1.0146175642611004,0.95429789618213
9,0.9975664545405386,0.97601532491744,1.038028347479491,0.95429789618213
10,0.990673745025385,0.9818202667455148,1.0442021175209812,0.95429789618213
11,1.015738142550248,0.9923783353403812,1.0554310134371712,0.9645600011611052
12,1.015738142550248,0.9855214732601668,1.048138487354528,0.9645600011611052
13,1.015738142550248,0.9855214732601668,1.0746567632653217,0.9645600011611052
14,1.02526896169702,0.9696002733835516,1.057295573691133,0.9645600011611052
15,1.02526896169702,0.9597587526352452,1.0465639385924106,0.954769639581186
16,1.02526896169702,0.9597587526352452,1.0465639385924106,0.9637283823717544
17,1.02526896169702,0.950008717885136,1.0465639385924106,0.9637283823717544
18,1.02526896169702,0.939317554871677,1.0465639385924106,0.9528828216493536
19,1.02526896169702,0.939317554871677,1.0465639385924106,0.9528828216493536
20,1.02526896169702,0.939317554871677,1.0465639385924106,0.9528828216493536
21,1.02526896169702,0.939317554871677,1.0410913082998985,0.9528828216493536
22,1.02526896169702,0.939317554871677,1.0410913082998985,0.9528828216493536
23,1.02526896169702,0.9240647185690531,1.0410913082998985,0.9374097096875682
24,1.02526896169702,0.8858758611320842,1.0410913082998985,0.898669343299893
25,1.0429890245794498,0.8858758611320842,1.0410913082998985,0.898669343299893
26,1.0429890245794498,0.8799054512997793,1.0410913082998985,0.898669343299893
27,1.0474384846665474,0.8951131485091212,1.059084834036686,0.9142013430664984
28,1.0474384846665474,0.906603388846596,1.072679918972177,0.925936611581068
29,1.0474384846665474,0.906603388846596,1.0772560423763733,0.9298867183408908
30,1.0402022004193328,0.906603388846596,1.0772560423763733,0.9298867183408908
31,1.044108914195916,0.906603388846596,1.0772560423763733,0.9298867183408908
32,1.0371834209352848,0.9003400713179579,1.0698137619524812,0.9234625466972772
33,1.0371834209352848,0.9037215013503208,1.0738316886214627,0.9234625466972772
34,1.04459254624822,0.8977271868856185,1.0667090465086642,0.9173372914134236
35,1.0703198731573935,0.8977271868856185,1.0667090465086642,0.9173372914134236
36,1.0703198731573935,0.8977271868856185,1.0743290882857466,0.9238902952593409
37,1.0517100643190402,0.8977271868856185,1.1007887981138826,0.9238902952593409
38,1.0517100643190402,0.8977271868856185,1.088914621608827,0.9238902952593409
39,1.0517100643190402,0.8977271868856185,1.088914621608827,0.9238902952593409
40,1.0517100643190402,0.8977271868856185,1.088914621608827,0.9238902952593409
41,1.0517100643190402,0.8977271868856185,1.088914621608827,0.9238902952593409
42,1.0517100643190402,0.8977271868856185,1.088914621608827,0.9238902952593409
43,1.0517100643190402,0.8977271868856185,1.088914621608827,0.9238902952593409
44,1.0517100643190402,0.8977271868856185,1.088914621608827,0.9238902952593409
45,1.0517100643190402,0.8977271868856185,1.088914621608827,0.9238902952593409
46,1.0634444780309245,0.8977271868856185,1.088914621608827,0.9238902952593409
47,1.0782245064097795,0.8977271868856185,1.088914621608827,0.952988936165008
48,1.0782245064097795,0.8977271868856185,1.088914621608827,0.952988936165008
49,1.1199025816040569,0.8977271868856185,1.088914621608827,0.9662338246497688
50,1.1199025816040569,0.9000764397672326,1.091764190887798,0.9662338246497688
51,1.1548569974615948,0.9000764397672326,1.091764190887798,1.0035829720301217
52,1.1548569974615948,0.9000764397672326,1.091764190887798,1.0035829720301217
53,1.1548569974615948,0.9000764397672326,1.091764190887798,1.0035829720301217
54,1.1548569974615948,0.9032212093031942,1.09557869665227,1.007089382172427
55,1.1548569974615948,0.9032212093031942,1.09557869665227,1.007089382172427
56,1.1548569974615948,0.9032212093031942,1.09557869665227,1.007089382172427
57,1.1548569974615948,0.9032212093031942,1.09557869665227,1.007089382172427
58,1.1548569974615948,0.90357866196887,1.09557869665227,1.0074879409977997
59,1.1548569974615948,0.90357866196887,1.0752067363365976,1.0074879409977997
60,1.1548569974615948,0.90357866196887,1.0752067363365976,1.0074879409977997
61,1.1614523832570571,0.90357866196887,1.0752067363365976,1.0074879409977997
62,1.1413364221905238,0.90357866196887,1.0752067363365976,1.0074879409977997
63,1.1413364221905238,0.90357866196887,1.0752067363365976,1.0074879409977997
64,1.1413364221905238,0.90357866196887,1.0752067363365976,1.0074879409977997
65,1.1413364221905238,0.90357866196887,1.0752067363365976,1.0074879409977997
66,1.1413364221905238,0.8965153412894739,1.0752067363365976,1.0074879409977997
67,1.1413364221905238,0.8965153412894739,1.0752067363365976,1.0074879409977997
68,1.1741374844138115,0.8910327376633453,1.0752067363365976,1.0013266888873218
69,1.1741374844138115,0.89026520239624,1.0742805536558897,1.0013266888873218
70,1.1343346215767274,0.89026520239624,1.105154485829284,1.0301039874904756
71,1.1343346215767274,0.89026520239624,1.105154485829284,1.0301039874904756
72,1.1343346215767274,0.89026520239624,1.105154485829284,0.9951838113899
73,1.1351395749020268,0.89026520239624,1.105154485829284,0.9951838113899
74,1.1206975811313769,0.89026520239624,1.105154485829284,0.9951838113899
75,1.1206975811313769,0.89026520239624,1.105154485829284,0.9951838113899
76,1.1206975811313769,0.8789386617738302,1.0910939821230947,0.9825224270786492
77,1.1206975811313769,0.8789386617738302,1.0886046115754853,0.9825224270786492
78,1.1340453792469265,0.8789386617738302,1.0886046115754853,0.9825224270786492
79,1.127892107325017,0.8789386617738302,1.0886046115754853,0.9825224270786492
80,1.0801333797844064,0.8894070486168397,1.0886046115754853,0.9942245233635416
81,1.0801333797844064,0.8894070486168397,1.0886046115754853,0.9942245233635416
82,1.0801333797844064,0.8894070486168397,1.0886046115754853,0.9942245233635416
83,1.0801333797844064,0.8894070486168397,1.0886046115754853,0.9942245233635416
84,1.0801333797844064,0.8894070486168397,1.0886046115754853,0.9942245233635416
85,1.1331511245646066,0.8894070486168397,1.0640724496670473,0.9718192563628858
86,1.1331511245646066,0.8894070486168397,1.0640724496670473,0.9718192563628858
87,1.1331511245646066,0.8894070486168397,1.0640724496670473,0.9718192563628858
88,1.1331511245646066,0.8894070486168397,1.0640724496670473,0.9718192563628858
89,1.1331511245646066,0.8894070486168397,1.0560873731922804,0.9718192563628858
90,1.1331511245646066,0.8894070486168397,1.0560873731922804,0.9718192563628858
91,1.1331511245646066,0.8894070486168397,1.0560873731922804,0.9718192563628858
92,1.1331511245646066,0.8894070486168397,1.0560873731922804,0.9718192563628858
93,1.1274473436355237,0.8894070486168397,1.0560873731922804,0.9718192563628858
94,1.1274473436355237,0.8894070486168397,1.0560873731922804,0.9718192563628858
95,1.1274473436355237,0.8849301674205721,1.050771497058835,0.9718192563628858
96,1.1274473436355237,0.8849301674205721,1.050771497058835,0.9718192563628858
97,1.1274473436355237,0.8849301674205721,1.050771497058835,0.9718192563628858
98,1.1274473436355237,0.8849301674205721,1.050771497058835,0.9718192563628858
99,1.1274473436355237,0.8849301674205721,1.050771497058835,0.9718192563628858
100,1.1274473436355237,0.8849301674205721,1.050771497058835,0.9718192563628858
101,1.1274473436355237,0.8983029680814589,1.0666504424125325,0.9718192563628858
102,1.1274473436355237,0.8983029680814589,1.0666504424125325,0.9718192563628858
103,1.1274473436355237,0.8983029680814589,1.0666504424125325,0.9718192563628858
104,1.0937804593455611,0.8983029680814589,1.0666504424125325,0.9718192563628858
105,1.0779314171485308,0.8983029680814589,1.0420836855375244,0.9718192563628858
106,1.0779314171485308,0.871478600403047,1.01096585900709,0.9718192563628858
107,1.1147159784876284,0.871478600403047,0.9963168127361888,0.9718192563628858
108,1.1147159784876284,0.871478600403047,0.9963168127361888,0.9718192563628858
109,1.1127023411431194,0.871478600403047,0.9963168127361888,0.9718192563628858
110,1.089897561178948,0.871478600403047,0.9963168127361888,0.9718192563628858
111,1.1163269477664284,0.8699043502006835,0.9945170531742872,0.9700637495032997
112,1.1163269477664284,0.8520757031648358,0.9945170531742872,0.9700637495032997
113,1.1257638543217665,0.8520757031648358,1.0186335175122316,0.9700637495032997
114,1.1257638543217665,0.8520757031648358,1.0186335175122316,0.9700637495032997
115,1.139750778929751,0.8592787531359298,1.0272445694429688,0.9782642153033052
116,1.139750778929751,0.8538764343399328,1.0272445694429688,0.9782642153033052
117,1.139750778929751,0.864485324708724,1.0272445694429688,0.9782642153033052
118,1.139750778929751,0.864485324708724,0.9965895924489664,0.9782642153033052
119,1.139750778929751,0.864485324708724,0.9965895924489664,0.9782642153033052
120,1.1624048455474811,0.864485324708724,0.9965895924489664,0.9782642153033052
121,1.146633746250697,0.864485324708724,0.9796335062284726,0.9782642153033052
122,1.146633746250697,0.864485324708724,0.9796335062284726,0.9782642153033052
123,1.146633746250697,0.8527562924797053,0.9663421840524116,0.96499147118396
124,1.146633746250697,0.8527562924797053,0.9663421840524116,0.96499147118396
125,1.146633746250697,0.8527562924797053,0.962462741076006,0.96499147118396
126,1.14121525869959,0.8527562924797053,0.962462741076006,0.96499147118396
127,1.14121525869959,0.8527562924797053,0.962462741076006,0.96499147118396
128,1.1628846216117128,0.8527562924797053,0.95791456481835,0.9604313452582822
129,1.1628846216117128,0.8527562924797053,0.95791456481835,0.9604313452582822
130,1.1628846216117128,0.8527562924797053,0.95791456481835,0.9604313452582822
131,1.1628846216117128,0.8527562924797053,0.95791456481835,0.9604313452582822
132,1.19988862547386,0.8527562924797053,0.95791456481835,0.9604313452582822
133,1.19988862547386,0.8527562924797053,0.95791456481835,0.9604313452582822
134,1.19988862547386,0.8527562924797053,0.95791456481835,0.9604313452582822
135,1.19988862547386,0.8527562924797053,0.95791456481835,0.9604313452582822
136,1.19988862547386,0.8762522521956393,0.95791456481835,0.986894071358478
137,1.19988862547386,0.8762522521956393,0.95791456481835,0.986894071358478
138,1.19988862547386,0.8762522521956393,0.95791456481835,0.986894071358478
139,1.19988862547386,0.8762522521956393,0.95791456481835,0.986894071358478
140,1.2002066206064592,0.8762522521956393,0.95791456481835,0.986894071358478
141,1.2002066206064592,0.8762522521956393,0.95791456481835,0.986894071358478
142,1.2002066206064592,0.8764844770415223,0.95791456481835,0.9871556185591268
143,1.2002066206064592,0.8764844770415223,0.95791456481835,0.9871556185591268
144,1.2002066206064592,0.8764844770415223,0.95791456481835,0.9871556185591268
145,1.2002066206064592,0.8764844770415223,0.95791456481835,0.9678380405881768
146,1.2002066206064592,0.8764844770415223,0.95791456481835,0.9678380405881768
147,1.2002066206064592,0.8764844770415223,0.95791456481835,0.9678380405881768
148,1.2002066206064592,0.8764844770415223,0.95791456481835,0.9678380405881768
149,1.192535270882268,0.8764844770415223,0.95791456481835,0.9687342979559002
150,1.192535270882268,0.8764844770415223,0.9498052731235482,0.9687342979559002
151,1.192535270882268,0.8764844770415223,0.9498052731235482,0.9687342979559002
152,1.174346865536506,0.8764844770415223,0.9498052731235482,0.9687342979559002
153,1.174346865536506,0.8764844770415223,0.9498052731235482,0.9687342979559002
154,1.174346865536506,0.8764844770415223,0.9353189566774676,0.9687342979559002
155,1.164441163895552,0.8817448474432139,0.9353189566774676,0.9687342979559002
156,1.164441163895552,0.8817448474432139,0.9353189566774676,0.9687342979559002
157,1.164441163895552,0.8817448474432139,0.9274294729177076,0.9687342979559002
158,1.164441163895552,0.8817448474432139,0.9274294729177076,0.9687342979559002
159,1.1552069060800365,0.8817448474432139,0.9274294729177076,0.9687342979559002
160,1.1552069060800365,0.8817448474432139,0.9771901936830734,0.9687342979559002
161,1.1552069060800365,0.8817448474432139,0.9771901936830734,0.9687342979559002
162,1.1552069060800365,0.874261023956352,0.9771901936830734,0.960512150117335
163,1.1552069060800365,0.874261023956352,0.9771901936830734,0.960512150117335
164,1.218624025104091,0.874261023956352,0.9771901936830734,0.9643805963171704
165,1.218624025104091,0.8805575602627171,0.9771901936830734,0.9643805963171704
166,1.223049454414617,0.92889731941132,0.9771901936830734,1.017321968758115
167,1.223049454414617,0.92889731941132,0.9771901936830734,1.017321968758115
168,1.223049454414617,0.92889731941132,0.9807388567949092,1.017321968758115
169,1.223049454414617,0.92889731941132,0.9807388567949092,1.017321968758115
170,1.223049454414617,0.92889731941132,0.9807388567949092,1.017321968758115
171,1.223049454414617,0.92889731941132,0.9807388567949092,1.017321968758115
172,1.223049454414617,0.925489788498879,0.9807388567949092,1.017321968758115
173,1.218690367805175,0.9319951721456836,0.9876325930630616,1.0244728523025226
174,1.218690367805175,0.9319951721456836,0.9342179020522944,1.0244728523025226
175,1.218690367805175,0.9319951721456836,0.9342179020522944,1.0244728523025226
176,1.218690367805175,0.9319951721456836,0.9311587784702966,1.0244728523025226
177,1.218690367805175,0.9319951721456836,0.8856950572073405,1.0244728523025226
178,1.218690367805175,0.9319951721456836,0.8856950572073405,1.0244728523025226
179,1.218690367805175,0.9319951721456836,0.8856950572073405,1.0244728523025226
180,1.231529112848621,0.9319951721456836,0.8856950572073405,1.0626150971904489
181,1.231529112848621,0.9319951721456836,0.8856950572073405,1.0626150971904489
182,1.231529112848621,0.9319951721456836,0.8856950572073405,1.0626150971904489
183,1.231529112848621,0.9319951721456836,0.871131427634445,1.0626150971904489
184,1.219675526240925,0.9319951721456836,0.871131427634445,1.0626150971904489
185,1.219675526240925,0.9319951721456836,0.8385903650903715,1.0626150971904489
186,1.219675526240925,0.9319951721456836,0.8385903650903715,1.0626150971904489
187,1.2314382899430527,0.9319951721456836,0.8385903650903715,1.0626150971904489
188,1.20490825903635,0.9319951721456836,0.8186801187955804,1.0626150971904489
189,1.20490825903635,0.9319951721456836,0.8186801187955804,1.0626150971904489
190,1.20490825903635,0.9319951721456836,0.8186801187955804,1.0626150971904489
191,1.20490825903635,0.9319951721456836,0.8186801187955804,1.0626150971904489
192,1.20490825903635,0.9319951721456836,0.8186801187955804,1.0626150971904489
193,1.20490825903635,0.9319951721456836,0.8186801187955804,1.0626150971904489
